Id,choose
10000,0
10001,0
10002,1
10003,0
10004,1
10005,0
10006,1
10007,1
10008,0
10009,1
10010,0
10011,1
10012,1
10013,1
10014,1
10015,0
10016,1
10017,0
10018,1
10019,1
10020,1
10021,1
10022,1
10023,1
10024,1
10025,1
10026,1
10027,0
10028,0
10029,0
10030,1
10031,1
10032,1
10033,1
10034,0
10035,1
10036,1
10037,0
10038,0
10039,1
10040,0
10041,1
10042,0
10043,1
10044,1
10045,1
10046,1
10047,1
10048,0
10049,0
10050,1
10051,0
10052,0
10053,0
10054,1
10055,0
10056,0
10057,1
10058,1
10059,1
10060,0
10061,0
10062,0
10063,1
10064,1
10065,1
10066,1
10067,1
10068,1
10069,0
10070,0
10071,0
10072,1
10073,1
10074,1
10075,1
10076,1
10077,0
10078,1
10079,1
10080,1
10081,0
10082,1
10083,1
10084,1
10085,0
10086,0
10087,0
10088,1
10089,0
10090,1
10091,0
10092,1
10093,0
10094,1
10095,1
10096,0
10097,0
10098,0
10099,0
10100,1
10101,1
10102,1
10103,0
10104,0
10105,1
10106,0
10107,1
10108,1
10109,1
10110,0
10111,0
10112,1
10113,0
10114,1
10115,1
10116,0
10117,0
10118,1
10119,1
10120,1
10121,0
10122,1
10123,1
10124,0
10125,0
10126,0
10127,1
10128,1
10129,1
10130,0
10131,1
10132,1
10133,0
10134,1
10135,0
10136,0
10137,1
10138,1
10139,1
10140,1
10141,0
10142,1
10143,0
10144,1
10145,1
10146,0
10147,1
10148,1
10149,0
10150,1
10151,1
10152,1
10153,0
10154,0
10155,1
10156,0
10157,1
10158,1
10159,1
10160,0
10161,1
10162,0
10163,0
10164,0
10165,1
10166,1
10167,1
10168,1
10169,1
10170,1
10171,1
10172,1
10173,1
10174,0
10175,0
10176,0
10177,0
10178,0
10179,1
10180,1
10181,0
10182,1
10183,0
10184,1
10185,1
10186,1
10187,0
10188,1
10189,1
10190,1
10191,0
10192,1
10193,1
10194,0
10195,1
10196,0
10197,0
10198,0
10199,1
10200,0
10201,1
10202,1
10203,1
10204,1
10205,1
10206,1
10207,1
10208,1
10209,1
10210,1
10211,1
10212,1
10213,1
10214,1
10215,0
10216,1
10217,0
10218,1
10219,1
10220,1
10221,0
10222,1
10223,1
10224,1
10225,1
10226,1
10227,1
10228,0
10229,0
10230,1
10231,1
10232,1
10233,0
10234,1
10235,1
10236,1
10237,1
10238,1
10239,1
10240,1
10241,0
10242,1
10243,0
10244,0
10245,0
10246,0
10247,0
10248,1
10249,1
10250,1
10251,0
10252,1
10253,1
10254,1
10255,1
10256,1
10257,1
10258,1
10259,0
10260,1
10261,0
10262,0
10263,0
10264,0
10265,0
10266,1
10267,0
10268,1
10269,0
10270,0
10271,0
10272,1
10273,1
10274,1
10275,1
10276,1
10277,0
10278,1
10279,1
10280,0
10281,1
10282,0
10283,1
10284,0
10285,1
10286,0
10287,1
10288,1
10289,0
10290,1
10291,0
10292,0
10293,0
10294,0
10295,1
10296,0
10297,1
10298,1
10299,1
10300,0
10301,1
10302,0
10303,0
10304,0
10305,1
10306,1
10307,0
10308,1
10309,1
10310,1
10311,1
10312,1
10313,0
10314,0
10315,1
10316,1
10317,0
10318,0
10319,1
10320,1
10321,0
10322,0
10323,0
10324,1
10325,1
10326,0
10327,1
10328,1
10329,1
10330,1
10331,1
10332,0
10333,1
10334,0
10335,1
10336,1
10337,1
10338,0
10339,0
10340,1
10341,0
10342,1
10343,0
10344,1
10345,0
10346,0
10347,1
10348,0
10349,1
10350,0
10351,1
10352,0
10353,0
10354,1
10355,1
10356,1
10357,1
10358,1
10359,0
10360,0
10361,0
10362,1
10363,0
10364,0
10365,1
10366,0
10367,1
10368,1
10369,1
10370,1
10371,1
10372,1
10373,0
10374,1
10375,0
10376,0
10377,1
10378,1
10379,0
10380,0
10381,0
10382,1
10383,1
10384,1
10385,1
10386,1
10387,1
10388,0
10389,1
10390,0
10391,0
10392,1
10393,0
10394,0
10395,1
10396,1
10397,1
10398,1
10399,1
10400,0
10401,1
10402,1
10403,1
10404,1
10405,0
10406,1
10407,1
10408,1
10409,1
10410,0
10411,1
10412,0
10413,1
10414,0
10415,1
10416,0
10417,1
10418,1
10419,1
10420,1
10421,0
10422,1
10423,1
10424,1
10425,1
10426,1
10427,1
10428,1
10429,0
10430,0
10431,0
10432,0
10433,0
10434,1
10435,0
10436,1
10437,1
10438,1
10439,0
10440,1
10441,0
10442,1
10443,0
10444,1
10445,0
10446,1
10447,1
10448,1
10449,1
10450,1
10451,0
10452,0
10453,0
10454,0
10455,1
10456,1
10457,1
10458,1
10459,1
10460,0
10461,1
10462,0
10463,0
10464,1
10465,1
10466,1
10467,0
10468,0
10469,1
10470,1
10471,1
10472,1
10473,1
10474,1
10475,0
10476,0
10477,1
10478,0
10479,1
10480,1
10481,0
10482,1
10483,0
10484,1
10485,1
10486,0
10487,0
10488,1
10489,1
10490,0
10491,0
10492,0
10493,1
10494,1
10495,0
10496,0
10497,0
10498,0
10499,1
10500,0
10501,0
10502,1
10503,1
10504,1
10505,0
10506,1
10507,0
10508,1
10509,0
10510,0
10511,0
10512,1
10513,1
10514,0
10515,1
10516,0
10517,1
10518,1
10519,0
10520,1
10521,0
10522,0
10523,1
10524,0
10525,0
10526,1
10527,1
10528,1
10529,0
10530,0
10531,1
10532,1
10533,0
10534,1
10535,1
10536,1
10537,1
10538,0
10539,1
10540,1
10541,0
10542,1
10543,1
10544,0
10545,1
10546,1
10547,1
10548,1
10549,0
10550,0
10551,1
10552,0
10553,0
10554,1
10555,1
10556,1
10557,1
10558,0
10559,1
10560,1
10561,0
10562,0
10563,0
10564,1
10565,1
10566,1
10567,1
10568,0
10569,1
10570,1
10571,1
10572,0
10573,1
10574,1
10575,0
10576,1
10577,1
10578,1
10579,0
10580,1
10581,0
10582,0
10583,1
10584,0
10585,0
10586,0
10587,1
10588,1
10589,0
10590,0
10591,0
10592,1
10593,1
10594,0
10595,0
10596,1
10597,0
10598,0
10599,0
10600,1
10601,1
10602,0
10603,1
10604,0
10605,1
10606,1
10607,1
10608,0
10609,1
10610,0
10611,0
10612,0
10613,1
10614,0
10615,0
10616,0
10617,1
10618,0
10619,1
10620,1
10621,0
10622,0
10623,0
10624,0
10625,0
10626,0
10627,1
10628,0
10629,1
10630,1
10631,1
10632,0
10633,0
10634,1
10635,0
10636,1
10637,1
10638,1
10639,0
10640,0
10641,1
10642,0
10643,0
10644,0
10645,0
10646,0
10647,1
10648,1
10649,0
10650,1
10651,1
10652,0
10653,1
10654,1
10655,1
10656,1
10657,0
10658,0
10659,1
10660,1
10661,1
10662,0
10663,1
10664,1
10665,1
10666,1
10667,1
10668,1
10669,0
10670,0
10671,1
10672,1
10673,0
10674,1
10675,1
10676,1
10677,1
10678,1
10679,1
10680,0
10681,0
10682,0
10683,0
10684,0
10685,1
10686,0
10687,1
10688,0
10689,1
10690,1
10691,1
10692,1
10693,1
10694,0
10695,1
10696,0
10697,1
10698,0
10699,1
10700,1
10701,0
10702,1
10703,0
10704,0
10705,0
10706,1
10707,0
10708,0
10709,1
10710,1
10711,0
10712,0
10713,1
10714,1
10715,0
10716,0
10717,0
10718,1
10719,0
10720,1
10721,1
10722,0
10723,1
10724,1
10725,0
10726,1
10727,0
10728,1
10729,0
10730,0
10731,0
10732,0
10733,0
10734,1
10735,0
10736,1
10737,1
10738,1
10739,0
10740,1
10741,0
10742,1
10743,1
10744,1
10745,1
10746,1
10747,1
10748,0
10749,1
10750,0
10751,1
10752,1
10753,1
10754,1
10755,0
10756,0
10757,1
10758,1
10759,1
10760,0
10761,0
10762,1
10763,1
10764,0
10765,1
10766,1
10767,0
10768,1
10769,0
10770,0
10771,1
10772,0
10773,1
10774,0
10775,0
10776,1
10777,0
10778,1
10779,0
10780,1
10781,1
10782,0
10783,1
10784,1
10785,1
10786,0
10787,0
10788,1
10789,1
10790,0
10791,1
10792,1
10793,1
10794,1
10795,0
10796,1
10797,1
10798,1
10799,1
10800,0
10801,1
10802,1
10803,1
10804,1
10805,0
10806,0
10807,1
10808,0
10809,0
10810,0
10811,1
10812,1
10813,1
10814,0
10815,1
10816,1
10817,1
10818,1
10819,0
10820,0
10821,1
10822,1
10823,0
10824,0
10825,1
10826,1
10827,1
10828,1
10829,1
10830,0
10831,1
10832,1
10833,1
10834,0
10835,1
10836,0
10837,1
10838,1
10839,0
10840,1
10841,0
10842,1
10843,1
10844,0
10845,1
10846,1
10847,1
10848,0
10849,0
10850,0
10851,1
10852,1
10853,1
10854,1
10855,1
10856,0
10857,0
10858,1
10859,1
10860,0
10861,0
10862,0
10863,0
10864,1
10865,1
10866,0
10867,0
10868,1
10869,1
10870,0
10871,1
10872,1
10873,0
10874,0
10875,0
10876,1
10877,1
10878,1
10879,0
10880,1
10881,1
10882,0
10883,0
10884,0
10885,1
10886,0
10887,1
10888,0
10889,1
10890,0
10891,0
10892,1
10893,1
10894,1
10895,1
10896,1
10897,1
10898,1
10899,0
10900,0
10901,1
10902,1
10903,0
10904,0
10905,1
10906,0
10907,1
10908,1
10909,1
10910,1
10911,1
10912,1
10913,1
10914,0
10915,1
10916,0
10917,1
10918,1
10919,0
10920,0
10921,0
10922,0
10923,0
10924,1
10925,1
10926,0
10927,1
10928,0
10929,1
10930,1
10931,1
10932,0
10933,0
10934,1
10935,1
10936,1
10937,0
10938,1
10939,1
10940,1
10941,0
10942,0
10943,1
10944,1
10945,1
10946,1
10947,1
10948,1
10949,1
10950,1
10951,1
10952,1
10953,1
10954,0
10955,1
10956,0
10957,1
10958,1
10959,1
10960,0
10961,1
10962,1
10963,1
10964,1
10965,1
10966,1
10967,0
10968,1
10969,1
10970,1
10971,1
10972,1
10973,0
10974,1
10975,0
10976,1
10977,0
10978,0
10979,0
10980,1
10981,0
10982,1
10983,1
10984,1
10985,1
10986,1
10987,1
10988,1
10989,1
10990,0
10991,0
10992,1
10993,1
10994,0
10995,1
10996,1
10997,0
10998,0
10999,0
11000,0
11001,1
11002,1
11003,1
11004,0
11005,1
11006,1
11007,1
11008,1
11009,1
11010,0
11011,1
11012,1
11013,1
11014,1
11015,1
11016,1
11017,1
11018,0
11019,0
11020,0
11021,1
11022,0
11023,0
11024,1
11025,0
11026,1
11027,1
11028,0
11029,0
11030,1
11031,0
11032,1
11033,1
11034,1
11035,1
11036,1
11037,1
11038,0
11039,1
11040,1
11041,0
11042,0
11043,1
11044,1
11045,1
11046,1
11047,0
11048,1
11049,1
11050,0
11051,0
11052,1
11053,1
11054,1
11055,0
11056,1
11057,0
11058,0
11059,0
11060,0
11061,1
11062,0
11063,0
11064,1
11065,0
11066,1
11067,0
11068,1
11069,0
11070,0
11071,1
11072,0
11073,1
11074,1
11075,1
11076,0
11077,0
11078,1
11079,1
11080,1
11081,1
11082,1
11083,1
11084,1
11085,0
11086,1
11087,0
11088,0
11089,1
11090,1
11091,0
11092,0
11093,0
11094,1
11095,1
11096,1
11097,1
11098,0
11099,1
11100,1
11101,1
11102,1
11103,0
11104,0
11105,0
11106,1
11107,0
11108,0
11109,1
11110,1
11111,1
11112,0
11113,0
11114,1
11115,1
11116,1
11117,0
11118,1
11119,1
11120,1
11121,1
11122,1
11123,1
11124,0
11125,1
11126,0
11127,1
11128,1
11129,0
11130,0
11131,0
11132,0
11133,0
11134,1
11135,0
11136,0
11137,1
11138,0
11139,0
11140,1
11141,0
11142,1
11143,1
11144,0
11145,1
11146,0
11147,1
11148,1
11149,0
11150,1
11151,0
11152,1
11153,1
11154,0
11155,1
11156,1
11157,0
11158,1
11159,0
11160,1
11161,1
11162,0
11163,1
11164,1
11165,1
11166,1
11167,0
11168,1
11169,0
11170,1
11171,0
11172,0
11173,0
11174,0
11175,1
11176,1
11177,0
11178,1
11179,0
11180,0
11181,1
11182,1
11183,1
11184,1
11185,1
11186,1
11187,1
11188,1
11189,1
11190,0
11191,1
11192,1
11193,1
11194,0
11195,1
11196,1
11197,1
11198,1
11199,0
11200,1
11201,1
11202,0
11203,1
11204,1
11205,1
11206,1
11207,1
11208,1
11209,0
11210,0
11211,0
11212,1
11213,1
11214,1
11215,0
11216,0
11217,1
11218,1
11219,1
11220,1
11221,1
11222,1
11223,1
11224,1
11225,0
11226,1
11227,0
11228,1
11229,0
11230,1
11231,1
11232,0
11233,0
11234,0
11235,0
11236,0
11237,1
11238,1
11239,1
11240,1
11241,1
11242,0
11243,1
11244,1
11245,0
11246,0
11247,1
11248,0
11249,0
11250,0
11251,0
11252,0
11253,0
11254,0
11255,1
11256,1
11257,0
11258,1
11259,1
11260,1
11261,0
11262,1
11263,1
11264,0
11265,1
11266,1
11267,0
11268,0
11269,1
11270,1
11271,1
11272,0
11273,1
11274,1
11275,0
11276,1
11277,1
11278,1
11279,0
11280,1
11281,0
11282,0
11283,1
11284,0
11285,1
11286,0
11287,1
11288,1
11289,0
11290,0
11291,1
11292,0
11293,1
11294,1
11295,0
11296,0
11297,1
11298,1
11299,0
11300,0
11301,1
11302,0
11303,1
11304,1
11305,1
11306,0
11307,1
11308,0
11309,1
11310,1
11311,0
11312,1
11313,1
11314,1
11315,0
11316,1
11317,1
11318,1
11319,0
11320,1
11321,0
11322,0
11323,1
11324,1
11325,1
11326,0
11327,1
11328,1
11329,1
11330,1
11331,1
11332,0
11333,0
11334,1
11335,0
11336,1
11337,0
11338,1
11339,1
11340,1
11341,0
11342,0
11343,0
11344,1
11345,1
11346,1
11347,1
11348,0
11349,0
11350,1
11351,1
11352,1
11353,1
11354,0
11355,0
11356,0
11357,0
11358,1
11359,0
11360,1
11361,0
11362,1
11363,1
11364,1
11365,0
11366,1
11367,0
11368,0
11369,0
11370,0
11371,0
11372,0
11373,1
11374,0
11375,0
11376,0
11377,0
11378,0
11379,0
11380,1
11381,1
11382,1
11383,1
11384,1
11385,1
11386,0
11387,0
11388,1
11389,0
11390,0
11391,1
11392,1
11393,1
11394,0
11395,0
11396,1
11397,0
11398,1
11399,0
11400,0
11401,1
11402,1
11403,1
11404,0
11405,1
11406,1
11407,1
11408,0
11409,0
11410,1
11411,1
11412,1
11413,1
11414,0
11415,0
11416,1
11417,1
11418,1
11419,0
11420,0
11421,0
11422,1
11423,1
11424,1
11425,1
11426,0
11427,1
11428,1
11429,1
11430,1
11431,0
11432,0
11433,1
11434,1
11435,1
11436,0
11437,1
11438,0
11439,0
11440,1
11441,0
11442,1
11443,1
11444,0
11445,1
11446,0
11447,0
11448,0
11449,0
11450,1
11451,0
11452,0
11453,1
11454,1
11455,1
11456,1
11457,0
11458,1
11459,1
11460,1
11461,0
11462,0
11463,1
11464,1
11465,1
11466,0
11467,1
11468,1
11469,0
11470,1
11471,1
11472,1
11473,0
11474,1
11475,0
11476,1
11477,1
11478,1
11479,0
11480,1
11481,1
11482,1
11483,0
11484,1
11485,1
11486,1
11487,1
11488,1
11489,0
11490,0
11491,0
11492,0
11493,0
11494,0
11495,0
11496,0
11497,1
11498,0
11499,0
11500,1
11501,0
11502,0
11503,0
11504,1
11505,1
11506,0
11507,1
11508,0
11509,1
11510,0
11511,1
11512,0
11513,1
11514,1
11515,1
11516,0
11517,1
11518,0
11519,1
11520,1
11521,1
11522,1
11523,0
11524,1
11525,0
11526,1
11527,1
11528,0
11529,1
11530,1
11531,1
11532,1
11533,1
11534,1
11535,0
11536,1
11537,1
11538,0
11539,0
11540,0
11541,1
11542,1
11543,0
11544,0
11545,0
11546,0
11547,1
11548,1
11549,1
11550,0
11551,0
11552,0
11553,1
11554,1
11555,1
11556,0
11557,0
11558,0
11559,1
11560,0
11561,0
11562,1
11563,0
11564,0
11565,0
11566,1
11567,1
11568,0
11569,0
11570,1
11571,1
11572,1
11573,1
11574,1
11575,0
11576,1
11577,1
11578,1
11579,0
11580,1
11581,1
11582,1
11583,1
11584,1
11585,0
11586,0
11587,1
11588,0
11589,0
11590,1
11591,1
11592,1
11593,0
11594,1
11595,0
11596,0
11597,0
11598,1
11599,1
11600,1
11601,1
11602,0
11603,0
11604,1
11605,1
11606,0
11607,0
11608,1
11609,0
11610,1
11611,1
11612,0
11613,0
11614,1
11615,1
11616,0
11617,1
11618,1
11619,0
11620,1
11621,0
11622,1
11623,0
11624,1
11625,1
11626,1
11627,1
11628,0
11629,1
11630,1
11631,0
11632,1
11633,1
11634,1
11635,1
11636,0
11637,1
11638,1
11639,0
11640,1
11641,0
11642,0
11643,0
11644,0
11645,1
11646,0
11647,0
11648,1
11649,1
11650,1
11651,0
11652,0
11653,0
11654,0
11655,1
11656,1
11657,1
11658,1
11659,1
11660,0
11661,1
11662,1
11663,1
11664,1
11665,0
11666,1
11667,0
11668,0
11669,1
11670,1
11671,1
11672,1
11673,1
11674,1
11675,1
11676,1
11677,1
11678,0
11679,1
11680,1
11681,1
11682,0
11683,1
11684,1
11685,1
11686,1
11687,1
11688,0
11689,0
11690,0
11691,0
11692,1
11693,0
11694,0
11695,1
11696,0
11697,1
11698,0
11699,1
11700,0
11701,1
11702,1
11703,0
11704,1
11705,1
11706,1
11707,1
11708,1
11709,0
11710,1
11711,1
11712,0
11713,1
11714,0
11715,1
11716,0
11717,1
11718,1
11719,1
11720,1
11721,1
11722,0
11723,1
11724,1
11725,0
11726,1
11727,0
11728,0
11729,0
11730,1
11731,1
11732,0
11733,1
11734,1
11735,0
11736,0
11737,1
11738,1
11739,1
11740,0
11741,1
11742,1
11743,1
11744,1
11745,1
11746,1
11747,1
11748,0
11749,1
11750,1
11751,1
11752,1
11753,1
11754,0
11755,0
11756,0
11757,0
11758,1
11759,1
11760,1
11761,1
11762,1
11763,1
11764,1
11765,0
11766,1
11767,1
11768,1
11769,0
11770,1
11771,0
11772,0
11773,1
11774,0
11775,1
11776,0
11777,1
11778,0
11779,1
11780,0
11781,0
11782,0
11783,0
11784,1
11785,1
11786,1
11787,1
11788,1
11789,1
11790,0
11791,0
11792,0
11793,1
11794,1
11795,1
11796,1
11797,0
11798,0
11799,0
11800,1
11801,0
11802,0
11803,0
11804,0
11805,0
11806,1
11807,0
11808,1
11809,1
11810,1
11811,0
11812,0
11813,0
11814,1
11815,0
11816,1
11817,0
11818,1
11819,0
11820,1
11821,0
11822,0
11823,0
11824,0
11825,1
11826,1
11827,1
11828,1
11829,1
11830,1
11831,1
11832,1
11833,0
11834,0
11835,0
11836,0
11837,1
11838,1
11839,0
11840,1
11841,1
11842,0
11843,0
11844,1
11845,0
11846,1
11847,1
11848,1
11849,0
11850,1
11851,0
11852,0
11853,1
11854,1
11855,1
11856,1
11857,1
11858,1
11859,0
11860,1
11861,1
11862,0
11863,1
11864,1
11865,1
11866,1
11867,0
11868,0
11869,1
11870,0
11871,1
11872,0
11873,0
11874,1
11875,1
11876,0
11877,0
11878,1
11879,1
11880,0
11881,0
11882,0
11883,1
11884,1
11885,1
11886,1
11887,1
11888,1
11889,0
11890,1
11891,1
11892,1
11893,1
11894,1
11895,1
11896,0
11897,0
11898,1
11899,0
11900,0
11901,0
11902,0
11903,0
11904,1
11905,0
11906,1
11907,1
11908,0
11909,1
11910,0
11911,0
11912,0
11913,1
11914,1
11915,1
11916,0
11917,1
11918,1
11919,1
11920,0
11921,1
11922,0
11923,0
11924,0
11925,1
11926,1
11927,0
11928,0
11929,1
11930,1
11931,0
11932,1
11933,1
11934,1
11935,0
11936,1
11937,1
11938,0
11939,0
11940,1
11941,1
11942,1
11943,1
11944,1
11945,0
11946,1
11947,1
11948,0
11949,1
11950,1
11951,1
11952,0
11953,0
11954,0
11955,0
11956,1
11957,1
11958,1
11959,1
11960,0
11961,1
11962,1
11963,0
11964,0
11965,1
11966,1
11967,1
11968,0
11969,0
11970,0
11971,1
11972,0
11973,0
11974,1
11975,1
11976,0
11977,1
11978,0
11979,1
11980,0
11981,0
11982,0
11983,0
11984,1
11985,0
11986,0
11987,0
11988,1
11989,1
11990,1
11991,1
11992,0
11993,0
11994,1
11995,0
11996,0
11997,1
11998,0
11999,1
12000,1
12001,1
12002,1
12003,1
12004,1
12005,1
12006,0
12007,1
12008,0
12009,0
12010,1
12011,1
12012,0
12013,1
12014,0
12015,1
12016,0
12017,1
12018,1
12019,1
12020,1
12021,0
12022,1
12023,0
12024,0
12025,1
12026,1
12027,0
12028,0
12029,1
12030,0
12031,1
12032,1
12033,1
12034,1
12035,1
12036,1
12037,0
12038,1
12039,1
12040,1
12041,1
12042,1
12043,1
12044,1
12045,1
12046,1
12047,1
12048,1
12049,0
12050,1
12051,0
12052,1
12053,1
12054,1
12055,0
12056,1
12057,0
12058,1
12059,0
12060,1
12061,0
12062,0
12063,1
12064,0
12065,0
12066,1
12067,1
12068,0
12069,0
12070,0
12071,0
12072,0
12073,0
12074,1
12075,0
12076,1
12077,0
12078,1
12079,0
12080,1
12081,1
12082,1
12083,0
12084,1
12085,1
12086,1
12087,1
12088,1
12089,1
12090,0
12091,1
12092,0
12093,1
12094,0
12095,1
12096,0
12097,1
12098,1
12099,1
12100,0
12101,0
12102,0
12103,1
12104,1
12105,1
12106,0
12107,1
12108,1
12109,1
12110,1
12111,1
12112,1
12113,1
12114,0
12115,1
12116,0
12117,1
12118,0
12119,0
12120,0
12121,0
12122,1
12123,1
12124,1
12125,0
12126,1
12127,1
12128,0
12129,0
12130,0
12131,0
12132,0
12133,1
12134,0
12135,1
12136,1
12137,0
12138,1
12139,0
12140,1
12141,1
12142,0
12143,1
12144,1
12145,1
12146,1
12147,1
12148,1
12149,0
12150,0
12151,1
12152,1
12153,1
12154,1
12155,0
12156,1
12157,1
12158,1
12159,1
12160,0
12161,1
12162,0
12163,1
12164,1
12165,1
12166,1
12167,1
12168,0
12169,0
12170,1
12171,1
12172,1
12173,1
12174,0
12175,1
12176,1
12177,1
12178,0
12179,0
12180,0
12181,1
12182,1
12183,0
12184,1
12185,1
12186,1
12187,0
12188,0
12189,0
12190,1
12191,1
12192,1
12193,1
12194,0
12195,1
12196,0
12197,0
12198,0
12199,0
12200,1
12201,1
12202,0
12203,1
12204,0
12205,0
12206,1
12207,1
12208,1
12209,1
12210,0
12211,1
12212,1
12213,0
12214,0
12215,1
12216,1
12217,1
12218,1
12219,1
12220,0
12221,1
12222,0
12223,0
12224,1
12225,0
12226,1
12227,1
12228,1
12229,1
12230,1
12231,1
12232,1
12233,0
12234,0
12235,1
12236,1
12237,0
12238,1
12239,1
12240,0
12241,0
12242,1
12243,1
12244,1
12245,0
12246,1
12247,0
12248,0
12249,1
12250,0
12251,1
12252,0
12253,0
12254,0
12255,1
12256,1
12257,0
12258,1
12259,0
12260,1
12261,1
12262,0
12263,0
12264,1
12265,1
12266,1
12267,0
12268,1
12269,0
12270,0
12271,0
12272,0
12273,1
12274,1
12275,0
12276,0
12277,0
12278,0
12279,1
12280,1
12281,1
12282,1
12283,0
12284,1
12285,0
12286,1
12287,0
12288,1
12289,0
12290,0
12291,0
12292,0
12293,0
12294,0
12295,0
12296,1
12297,1
12298,0
12299,1
12300,1
12301,1
12302,1
12303,0
12304,0
12305,0
12306,0
12307,1
12308,1
12309,1
12310,1
12311,1
12312,0
12313,0
12314,1
12315,1
12316,1
12317,0
12318,1
12319,1
12320,0
12321,0
12322,1
12323,1
12324,1
12325,1
12326,0
12327,0
12328,1
12329,1
12330,1
12331,1
12332,1
12333,1
12334,1
12335,0
12336,0
12337,1
12338,0
12339,1
12340,1
12341,1
12342,1
12343,0
12344,1
12345,0
12346,1
12347,0
12348,1
12349,1
12350,0
12351,0
12352,1
12353,1
12354,1
12355,0
12356,0
12357,1
12358,1
12359,0
12360,1
12361,0
12362,1
12363,1
12364,0
12365,1
12366,0
12367,1
12368,0
12369,0
12370,0
12371,1
12372,1
12373,0
12374,1
12375,0
12376,1
12377,1
12378,0
12379,0
12380,1
12381,0
12382,1
12383,1
12384,1
12385,1
12386,0
12387,1
12388,1
12389,1
12390,1
12391,0
12392,1
12393,0
12394,0
12395,0
12396,0
12397,1
12398,1
12399,1
12400,1
12401,1
12402,1
12403,1
12404,0
12405,1
12406,0
12407,1
12408,1
12409,1
12410,0
12411,1
12412,1
12413,1
12414,1
12415,1
12416,0
12417,1
12418,0
12419,0
12420,0
12421,1
12422,0
12423,0
12424,0
12425,0
12426,0
12427,0
12428,1
12429,0
12430,1
12431,1
12432,0
12433,1
12434,0
12435,1
12436,0
12437,0
12438,1
12439,0
12440,0
12441,1
12442,0
12443,1
12444,1
12445,1
12446,1
12447,1
12448,0
12449,1
12450,0
12451,1
12452,1
12453,0
12454,0
12455,0
12456,0
12457,0
12458,1
12459,1
12460,1
12461,0
12462,0
12463,0
12464,0
12465,1
12466,1
12467,0
12468,0
12469,0
12470,1
12471,1
12472,0
12473,1
12474,1
12475,0
12476,0
12477,0
12478,1
12479,1
12480,0
12481,0
12482,1
12483,1
12484,0
12485,0
12486,1
12487,1
12488,0
12489,1
12490,0
12491,0
12492,0
12493,0
12494,0
12495,0
12496,0
12497,1
12498,1
12499,0
12500,1
12501,1
12502,0
12503,0
12504,1
12505,0
12506,1
12507,1
12508,0
12509,1
12510,1
12511,0
12512,1
12513,1
12514,1
12515,0
12516,1
12517,1
12518,0
12519,0
12520,0
12521,1
12522,1
12523,1
12524,0
12525,0
12526,0
12527,1
12528,1
12529,0
12530,1
12531,1
12532,1
12533,1
12534,1
12535,0
12536,1
12537,0
12538,1
12539,0
12540,0
12541,0
12542,1
12543,1
12544,1
12545,0
12546,1
12547,1
12548,1
12549,0
12550,1
12551,1
12552,1
12553,0
12554,1
12555,1
12556,0
12557,1
12558,0
12559,0
12560,0
12561,0
12562,0
12563,1
12564,1
12565,1
12566,1
12567,0
12568,1
12569,0
12570,1
12571,0
12572,0
12573,0
12574,1
12575,1
12576,0
12577,0
12578,0
12579,0
12580,1
12581,1
12582,0
12583,0
12584,0
12585,0
12586,1
12587,1
12588,0
12589,0
12590,1
12591,0
12592,1
12593,1
12594,1
12595,1
12596,1
12597,0
12598,1
12599,0
12600,0
12601,1
12602,0
12603,0
12604,0
12605,0
12606,1
12607,1
12608,0
12609,0
12610,1
12611,1
12612,1
12613,1
12614,1
12615,0
12616,1
12617,1
12618,0
12619,1
12620,1
12621,0
12622,0
12623,1
12624,0
12625,1
12626,1
12627,1
12628,0
12629,0
12630,1
12631,1
12632,1
12633,0
12634,1
12635,1
12636,1
12637,0
12638,1
12639,1
12640,0
12641,1
12642,0
12643,0
12644,0
12645,1
12646,1
12647,0
12648,0
12649,0
12650,1
12651,1
12652,1
12653,1
12654,1
12655,0
12656,0
12657,1
12658,1
12659,0
12660,1
12661,0
12662,0
12663,1
12664,0
12665,1
12666,1
12667,1
12668,0
12669,1
12670,0
12671,0
12672,1
12673,0
12674,0
12675,0
12676,1
12677,1
12678,1
12679,1
12680,1
12681,1
12682,0
12683,0
12684,1
12685,1
12686,1
12687,1
12688,0
12689,0
12690,1
12691,1
12692,1
12693,1
12694,1
12695,1
12696,1
12697,1
12698,0
12699,1
12700,0
12701,1
12702,0
12703,0
12704,1
12705,1
12706,0
12707,1
12708,1
12709,1
12710,0
12711,1
12712,1
12713,1
12714,0
12715,1
12716,1
12717,1
12718,1
12719,1
12720,1
12721,1
12722,0
12723,1
12724,1
12725,0
12726,0
12727,1
12728,1
12729,1
12730,1
12731,1
12732,1
12733,0
12734,0
12735,0
12736,1
12737,0
12738,1
12739,0
12740,1
12741,1
12742,1
12743,1
12744,1
12745,0
12746,0
12747,1
12748,1
12749,0
12750,0
12751,0
12752,0
12753,0
12754,0
12755,1
12756,0
12757,1
12758,0
12759,1
12760,1
12761,0
12762,1
12763,1
12764,0
12765,1
12766,0
12767,0
12768,1
12769,0
12770,1
12771,1
12772,1
12773,0
12774,1
12775,0
12776,1
12777,1
12778,0
12779,1
12780,0
12781,1
12782,0
12783,1
12784,1
12785,1
12786,1
12787,1
12788,1
12789,1
12790,1
12791,0
12792,0
12793,0
12794,0
12795,1
12796,0
12797,0
12798,1
12799,0
12800,1
12801,0
12802,1
12803,1
12804,0
12805,1
12806,1
12807,0
12808,0
12809,0
12810,0
12811,1
12812,1
12813,1
12814,0
12815,1
12816,0
12817,0
12818,0
12819,0
12820,1
12821,1
12822,0
12823,0
12824,1
12825,1
12826,1
12827,0
12828,0
12829,1
12830,0
12831,1
12832,0
12833,0
12834,0
12835,0
12836,1
12837,1
12838,0
12839,1
12840,1
12841,1
12842,0
12843,1
12844,1
12845,1
12846,1
12847,1
12848,0
12849,0
12850,1
12851,1
12852,0
12853,1
12854,1
12855,0
12856,1
12857,1
12858,1
12859,0
12860,0
12861,0
12862,0
12863,0
12864,1
12865,1
12866,0
12867,0
12868,1
12869,0
12870,1
12871,1
12872,1
12873,0
12874,0
12875,1
12876,1
12877,0
12878,1
12879,0
12880,0
12881,1
12882,1
12883,0
12884,1
12885,0
12886,0
12887,1
12888,0
12889,0
12890,1
12891,0
12892,1
12893,1
12894,1
12895,1
12896,1
12897,0
12898,0
12899,1
12900,1
12901,0
12902,1
12903,1
12904,1
12905,1
12906,1
12907,1
12908,0
12909,0
12910,1
12911,1
12912,0
12913,1
12914,1
12915,0
12916,1
12917,1
12918,1
12919,0
12920,1
12921,1
12922,0
12923,1
12924,0
12925,1
12926,1
12927,1
12928,1
12929,1
12930,0
12931,0
12932,0
12933,0
12934,0
12935,0
12936,1
12937,1
12938,0
12939,1
12940,1
12941,1
12942,1
12943,1
12944,0
12945,1
12946,0
12947,1
12948,1
12949,1
12950,1
12951,0
12952,0
12953,0
12954,0
12955,1
12956,1
12957,1
12958,1
12959,1
12960,1
12961,0
12962,0
12963,1
12964,1
12965,1
12966,0
12967,0
12968,0
12969,0
12970,1
12971,0
12972,0
12973,1
12974,0
12975,0
12976,0
12977,0
12978,0
12979,1
12980,0
12981,1
12982,1
12983,0
12984,1
12985,0
12986,0
12987,0
12988,1
12989,0
12990,1
12991,0
12992,1
12993,0
12994,0
12995,1
12996,1
12997,0
12998,1
12999,0
13000,1
13001,0
13002,0
13003,0
13004,1
13005,0
13006,1
13007,1
13008,0
13009,0
13010,1
13011,1
13012,0
13013,0
13014,0
13015,1
13016,0
13017,1
13018,0
13019,1
13020,1
13021,0
13022,1
13023,0
13024,1
13025,1
13026,1
13027,1
13028,1
13029,1
13030,1
13031,0
13032,0
13033,1
13034,0
13035,1
13036,1
13037,0
13038,1
13039,0
13040,1
13041,1
13042,0
13043,0
13044,0
13045,1
13046,0
13047,1
13048,0
13049,0
13050,0
13051,1
13052,0
13053,1
13054,0
13055,0
13056,1
13057,0
13058,1
13059,1
13060,1
13061,1
13062,0
13063,0
13064,1
13065,1
13066,1
13067,0
13068,1
13069,0
13070,0
13071,1
13072,0
13073,1
13074,0
13075,1
13076,0
13077,0
13078,0
13079,1
13080,1
13081,0
13082,1
13083,1
13084,1
13085,1
13086,0
13087,1
13088,0
13089,1
13090,1
13091,1
13092,0
13093,0
13094,0
13095,1
13096,0
13097,1
13098,1
13099,0
13100,1
13101,1
13102,0
13103,1
13104,0
13105,0
13106,0
13107,0
13108,1
13109,0
13110,1
13111,1
13112,1
13113,1
13114,1
13115,1
13116,1
13117,0
13118,0
13119,1
13120,1
13121,0
13122,1
13123,1
13124,0
13125,0
13126,1
13127,1
13128,1
13129,1
13130,0
13131,1
13132,1
13133,1
13134,1
13135,0
13136,0
13137,0
13138,0
13139,0
13140,0
13141,0
13142,1
13143,1
13144,0
13145,1
13146,0
13147,0
13148,1
13149,1
13150,0
13151,0
13152,1
13153,0
13154,1
13155,1
13156,0
13157,0
13158,1
13159,1
13160,1
13161,0
13162,1
13163,1
13164,0
13165,1
13166,1
13167,1
13168,1
13169,1
13170,1
13171,1
13172,0
13173,1
13174,1
13175,1
13176,0
13177,1
13178,0
13179,0
13180,0
13181,1
13182,1
13183,1
13184,1
13185,1
13186,1
13187,0
13188,0
13189,0
13190,0
13191,0
13192,0
13193,1
13194,0
13195,1
13196,0
13197,0
13198,1
13199,1
13200,0
13201,1
13202,1
13203,1
13204,1
13205,0
13206,0
13207,0
13208,1
13209,1
13210,1
13211,1
13212,1
13213,1
13214,1
13215,1
13216,1
13217,0
13218,1
13219,0
13220,1
13221,1
13222,1
13223,0
13224,1
13225,0
13226,1
13227,0
13228,0
13229,0
13230,1
13231,1
13232,0
13233,1
13234,0
13235,0
13236,0
13237,1
13238,1
13239,1
13240,0
13241,0
13242,1
13243,1
13244,1
13245,1
13246,1
13247,1
13248,0
13249,0
13250,0
13251,1
13252,0
13253,0
13254,0
13255,1
13256,0
13257,1
13258,1
13259,1
13260,1
13261,1
13262,1
13263,1
13264,0
13265,0
13266,0
13267,0
13268,0
13269,0
13270,0
13271,0
13272,1
13273,0
13274,0
13275,1
13276,0
13277,0
13278,1
13279,1
13280,1
13281,0
13282,0
13283,0
13284,1
13285,1
13286,1
13287,0
13288,1
13289,0
13290,0
13291,0
13292,1
13293,0
13294,1
13295,1
13296,1
13297,1
13298,0
13299,1
13300,1
13301,0
13302,1
13303,0
13304,0
13305,0
13306,1
13307,1
13308,1
13309,1
13310,1
13311,1
13312,1
13313,0
13314,0
13315,1
13316,1
13317,1
13318,1
13319,0
13320,0
13321,1
13322,1
13323,0
13324,0
13325,1
13326,0
13327,1
13328,1
13329,0
13330,0
13331,0
13332,0
13333,0
13334,1
13335,0
13336,0
13337,0
13338,1
13339,1
13340,1
13341,1
13342,1
13343,1
13344,0
13345,0
13346,0
13347,0
13348,1
13349,0
13350,1
13351,0
13352,0
13353,1
13354,0
13355,1
13356,1
13357,0
13358,1
13359,0
13360,1
13361,0
13362,1
13363,0
13364,0
13365,1
13366,0
13367,0
13368,1
13369,1
13370,0
13371,0
13372,1
13373,0
13374,1
13375,1
13376,0
13377,1
13378,1
13379,1
13380,0
13381,1
13382,1
13383,1
13384,1
13385,0
13386,1
13387,1
13388,0
13389,0
13390,0
13391,0
13392,1
13393,0
13394,0
13395,1
13396,1
13397,1
13398,0
13399,1
13400,1
13401,1
13402,1
13403,0
13404,1
13405,1
13406,0
13407,1
13408,1
13409,1
13410,1
13411,0
13412,1
13413,1
13414,1
13415,0
13416,0
13417,1
13418,1
13419,0
13420,0
13421,1
13422,0
13423,1
13424,1
13425,0
13426,1
13427,1
13428,0
13429,1
13430,0
13431,0
13432,1
13433,1
13434,1
13435,1
13436,0
13437,1
13438,1
13439,1
13440,1
13441,0
13442,1
13443,1
13444,1
13445,0
13446,0
13447,1
13448,0
13449,0
13450,1
13451,1
13452,0
13453,1
13454,0
13455,1
13456,0
13457,0
13458,1
13459,1
13460,1
13461,1
13462,1
13463,0
13464,0
13465,1
13466,1
13467,1
13468,0
13469,1
13470,0
13471,1
13472,1
13473,1
13474,0
13475,1
13476,1
13477,0
13478,0
13479,0
13480,0
13481,0
13482,0
13483,0
13484,1
13485,0
13486,1
13487,0
13488,1
13489,1
13490,0
13491,1
13492,1
13493,1
13494,0
13495,1
13496,0
13497,0
13498,1
13499,0
13500,1
13501,1
13502,1
13503,1
13504,1
13505,1
13506,1
13507,1
13508,1
13509,1
13510,0
13511,1
13512,0
13513,1
13514,1
13515,0
13516,0
13517,0
13518,0
13519,1
13520,0
13521,0
13522,1
13523,0
13524,1
13525,0
13526,1
13527,1
13528,1
13529,0
13530,1
13531,1
13532,0
13533,1
13534,1
13535,1
13536,0
13537,1
13538,1
13539,0
13540,0
13541,0
13542,0
13543,0
13544,0
13545,1
13546,1
13547,0
13548,1
13549,1
13550,1
13551,1
13552,0
13553,0
13554,0
13555,0
13556,1
13557,1
13558,1
13559,0
13560,1
13561,0
13562,1
13563,1
13564,1
13565,0
13566,0
13567,0
13568,0
13569,0
13570,1
13571,1
13572,0
13573,0
13574,1
13575,0
13576,1
13577,1
13578,0
13579,1
13580,1
13581,0
13582,1
13583,1
13584,0
13585,0
13586,0
13587,1
13588,1
13589,1
13590,0
13591,0
13592,0
13593,0
13594,0
13595,1
13596,1
13597,1
13598,1
13599,1
13600,0
13601,0
13602,0
13603,0
13604,0
13605,0
13606,1
13607,0
13608,1
13609,0
13610,1
13611,0
13612,1
13613,1
13614,0
13615,1
13616,1
13617,1
13618,1
13619,1
13620,0
13621,1
13622,1
13623,0
13624,1
13625,1
13626,0
13627,1
13628,0
13629,0
13630,0
13631,1
13632,1
13633,0
13634,0
13635,0
13636,1
13637,0
13638,0
13639,0
13640,1
13641,0
13642,0
13643,1
13644,0
13645,1
13646,0
13647,0
13648,0
13649,0
13650,0
13651,0
13652,0
13653,0
13654,1
13655,1
13656,1
13657,0
13658,1
13659,1
13660,1
13661,0
13662,1
13663,0
13664,0
13665,1
13666,0
13667,0
13668,0
13669,0
13670,1
13671,1
13672,0
13673,1
13674,0
13675,0
13676,0
13677,1
13678,1
13679,1
13680,1
13681,1
13682,0
13683,1
13684,0
13685,0
13686,0
13687,1
13688,1
13689,1
13690,1
13691,1
13692,0
13693,1
13694,1
13695,1
13696,1
13697,0
13698,1
13699,1
13700,1
13701,1
13702,1
13703,1
13704,1
13705,1
13706,0
13707,1
13708,1
13709,1
13710,0
13711,0
13712,0
13713,1
13714,0
13715,1
13716,0
13717,1
13718,1
13719,1
13720,1
13721,0
13722,0
13723,1
13724,0
13725,1
13726,0
13727,1
13728,1
13729,0
13730,0
13731,1
13732,0
13733,0
13734,0
13735,1
13736,0
13737,0
13738,0
13739,1
13740,0
13741,1
13742,0
13743,1
13744,1
13745,1
13746,0
13747,0
13748,0
13749,1
13750,0
13751,0
13752,1
13753,1
13754,0
13755,1
13756,0
13757,1
13758,1
13759,0
13760,0
13761,0
13762,1
13763,0
13764,0
13765,0
13766,1
13767,1
13768,1
13769,1
13770,1
13771,1
13772,1
13773,0
13774,1
13775,1
13776,1
13777,1
13778,0
13779,0
13780,0
13781,0
13782,1
13783,0
13784,1
13785,0
13786,1
13787,1
13788,1
13789,0
13790,1
13791,1
13792,1
13793,0
13794,0
13795,1
13796,0
13797,0
13798,1
13799,1
13800,0
13801,1
13802,1
13803,1
13804,0
13805,1
13806,1
13807,1
13808,0
13809,1
13810,0
13811,1
13812,0
13813,1
13814,1
13815,1
13816,1
13817,1
13818,0
13819,0
13820,0
13821,1
13822,1
13823,1
13824,0
13825,0
13826,1
13827,0
13828,1
13829,1
13830,0
13831,1
13832,1
13833,0
13834,0
13835,1
13836,0
13837,1
13838,1
13839,1
13840,1
13841,1
13842,1
13843,1
13844,1
13845,1
13846,0
13847,1
13848,0
13849,0
13850,0
13851,1
13852,0
13853,1
13854,0
13855,1
13856,1
13857,0
13858,0
13859,0
13860,1
13861,1
13862,1
13863,0
13864,1
13865,0
13866,1
13867,1
13868,1
13869,0
13870,1
13871,1
13872,0
13873,1
13874,0
13875,1
13876,0
13877,0
13878,0
13879,1
13880,0
13881,0
13882,0
13883,0
13884,1
13885,0
13886,1
13887,1
13888,1
13889,1
13890,0
13891,1
13892,0
13893,1
13894,1
13895,1
13896,1
13897,1
13898,0
13899,1
13900,1
13901,1
13902,0
13903,0
13904,1
13905,1
13906,1
13907,0
13908,0
13909,0
13910,0
13911,1
13912,0
13913,1
13914,0
13915,1
13916,0
13917,0
13918,1
13919,0
13920,0
13921,1
13922,0
13923,1
13924,0
13925,1
13926,0
13927,0
13928,0
13929,0
13930,1
13931,0
13932,0
13933,1
13934,1
13935,0
13936,0
13937,0
13938,1
13939,0
13940,1
13941,1
13942,1
13943,0
13944,1
13945,1
13946,1
13947,1
13948,1
13949,0
13950,0
13951,1
13952,1
13953,1
13954,0
13955,1
13956,1
13957,1
13958,0
13959,0
13960,0
13961,1
13962,1
13963,1
13964,0
13965,1
13966,0
13967,0
13968,1
13969,1
13970,0
13971,0
13972,1
13973,1
13974,0
13975,0
13976,0
13977,1
13978,0
13979,1
13980,1
13981,1
13982,0
13983,0
13984,1
13985,1
13986,1
13987,0
13988,1
13989,0
13990,1
13991,0
13992,0
13993,1
13994,0
13995,0
13996,1
13997,1
13998,0
13999,1
14000,0
14001,1
14002,1
14003,0
14004,1
14005,1
14006,1
14007,1
14008,0
14009,0
14010,0
14011,0
14012,0
14013,1
14014,0
14015,1
14016,0
14017,1
14018,1
14019,1
14020,0
14021,1
14022,0
14023,1
14024,1
14025,1
14026,0
14027,0
14028,0
14029,1
14030,1
14031,0
14032,0
14033,1
14034,0
14035,1
14036,1
14037,1
14038,1
14039,1
14040,1
14041,1
14042,1
14043,1
14044,1
14045,0
14046,0
14047,1
14048,0
14049,0
14050,1
14051,1
14052,1
14053,1
14054,1
14055,1
14056,0
14057,1
14058,0
14059,1
14060,1
14061,0
14062,1
14063,0
14064,0
14065,1
14066,0
14067,1
14068,1
14069,0
14070,0
14071,1
14072,0
14073,1
14074,0
14075,1
14076,1
14077,1
14078,1
14079,0
14080,1
14081,0
14082,0
14083,1
14084,0
14085,1
14086,0
14087,0
14088,0
14089,1
14090,0
14091,0
14092,1
14093,1
14094,1
14095,1
14096,1
14097,0
14098,1
14099,1
14100,1
14101,1
14102,0
14103,1
14104,1
14105,1
14106,1
14107,0
14108,0
14109,1
14110,0
14111,0
14112,1
14113,0
14114,1
14115,0
14116,1
14117,0
14118,1
14119,0
14120,0
14121,1
14122,1
14123,0
14124,1
14125,1
14126,1
14127,0
14128,1
14129,1
14130,1
14131,0
14132,1
14133,0
14134,1
14135,1
14136,1
14137,1
14138,1
14139,1
14140,1
14141,1
14142,1
14143,0
14144,0
14145,0
14146,1
14147,1
14148,1
14149,0
14150,1
14151,1
14152,1
14153,0
14154,0
14155,0
14156,1
14157,0
14158,1
14159,1
14160,1
14161,0
14162,1
14163,0
14164,1
14165,0
14166,1
14167,1
14168,1
14169,0
14170,0
14171,1
14172,1
14173,0
14174,0
14175,0
14176,0
14177,1
14178,1
14179,1
14180,0
14181,1
14182,1
14183,1
14184,0
14185,0
14186,1
14187,1
14188,1
14189,1
14190,1
14191,1
14192,0
14193,0
14194,1
14195,1
14196,0
14197,1
14198,0
14199,1
14200,0
14201,1
14202,1
14203,1
14204,0
14205,0
14206,0
14207,1
14208,1
14209,0
14210,0
14211,1
14212,0
14213,0
14214,1
14215,1
14216,0
14217,1
14218,1
14219,1
14220,1
14221,1
14222,1
14223,1
14224,1
14225,1
14226,0
14227,0
14228,0
14229,1
14230,0
14231,0
14232,1
14233,1
14234,0
14235,0
14236,1
14237,0
14238,0
14239,1
14240,1
14241,0
14242,1
14243,1
14244,0
14245,1
14246,1
14247,1
14248,1
14249,0
14250,0
14251,1
14252,1
14253,0
14254,0
14255,1
14256,1
14257,1
14258,0
14259,1
14260,0
14261,1
14262,0
14263,0
14264,1
14265,0
14266,1
14267,1
14268,0
14269,0
14270,0
14271,1
14272,0
14273,1
14274,0
14275,1
14276,1
14277,0
14278,0
14279,1
14280,0
14281,1
14282,1
14283,1
14284,1
14285,1
14286,1
14287,1
14288,0
14289,0
14290,1
14291,1
14292,0
14293,1
14294,0
14295,0
14296,0
14297,0
14298,1
14299,1
14300,1
14301,1
14302,1
14303,1
14304,0
14305,1
14306,1
14307,0
14308,1
14309,1
14310,1
14311,1
14312,0
14313,0
14314,1
14315,0
14316,0
14317,0
14318,1
14319,0
14320,0
14321,1
14322,1
14323,0
14324,1
14325,0
14326,1
14327,0
14328,1
14329,0
14330,0
14331,1
14332,0
14333,0
14334,0
14335,1
14336,1
14337,1
14338,1
14339,1
14340,1
14341,0
14342,0
14343,1
14344,1
14345,1
14346,0
14347,1
14348,1
14349,1
14350,0
14351,0
14352,1
14353,0
14354,0
14355,0
14356,0
14357,1
14358,1
14359,0
14360,1
14361,1
14362,1
14363,1
14364,0
14365,1
14366,0
14367,0
14368,1
14369,1
14370,1
14371,1
14372,1
14373,1
14374,1
14375,1
14376,1
14377,1
14378,1
14379,0
14380,1
14381,1
14382,0
14383,0
14384,1
14385,0
14386,1
14387,0
14388,1
14389,1
14390,0
14391,1
14392,1
14393,1
14394,1
14395,1
14396,0
14397,0
14398,1
14399,1
14400,1
14401,1
14402,1
14403,1
14404,0
14405,1
14406,0
14407,1
14408,1
14409,0
14410,1
14411,1
14412,0
14413,0
14414,1
14415,1
14416,1
14417,1
14418,1
14419,0
14420,0
14421,0
14422,1
14423,0
14424,1
14425,1
14426,0
14427,1
14428,1
14429,1
14430,1
14431,0
14432,1
14433,1
14434,0
14435,0
14436,0
14437,1
14438,0
14439,1
14440,1
14441,0
14442,0
14443,0
14444,0
14445,1
14446,0
14447,0
14448,0
14449,0
14450,1
14451,1
14452,0
14453,1
14454,0
14455,0
14456,0
14457,1
14458,0
14459,1
14460,0
14461,1
14462,1
14463,0
14464,1
14465,0
14466,0
14467,1
14468,1
14469,0
14470,1
14471,1
14472,0
14473,1
14474,0
14475,0
14476,1
14477,1
14478,1
14479,0
14480,1
14481,1
14482,0
14483,0
14484,1
14485,1
14486,1
14487,1
14488,1
14489,0
14490,1
14491,1
14492,0
14493,1
14494,1
14495,1
14496,1
14497,1
14498,1
14499,1
14500,0
14501,1
14502,0
14503,0
14504,0
14505,1
14506,0
14507,1
14508,0
14509,0
14510,1
14511,0
14512,0
14513,1
14514,0
14515,0
14516,0
14517,1
14518,0
14519,1
14520,1
14521,1
14522,0
14523,1
14524,0
14525,0
14526,1
14527,0
14528,0
14529,1
14530,0
14531,1
14532,1
14533,0
14534,1
14535,1
14536,1
14537,0
14538,0
14539,1
14540,0
14541,0
14542,1
14543,0
14544,1
14545,0
14546,0
14547,1
14548,1
14549,1
14550,1
14551,0
14552,1
14553,0
14554,1
14555,0
14556,1
14557,0
14558,1
14559,1
14560,1
14561,1
14562,0
14563,1
14564,0
14565,1
14566,1
14567,0
14568,0
14569,0
14570,1
14571,0
14572,1
14573,1
14574,1
14575,0
14576,0
14577,1
14578,1
14579,0
14580,1
14581,1
14582,0
14583,1
14584,0
14585,1
14586,1
14587,0
14588,1
14589,1
14590,0
14591,1
14592,1
14593,1
14594,1
14595,0
14596,1
14597,1
14598,1
14599,0
14600,0
14601,0
14602,1
14603,0
14604,1
14605,0
14606,0
14607,0
14608,1
14609,1
14610,0
14611,0
14612,0
14613,1
14614,0
14615,0
14616,1
14617,0
14618,0
14619,0
14620,0
14621,1
14622,0
14623,1
14624,0
14625,1
14626,1
14627,1
14628,1
14629,1
14630,0
14631,0
14632,0
14633,1
14634,1
14635,0
14636,0
14637,1
14638,1
14639,1
14640,1
14641,1
14642,1
14643,1
14644,1
14645,1
14646,1
14647,1
14648,1
14649,1
14650,0
14651,1
14652,0
14653,0
14654,1
14655,0
14656,1
14657,0
14658,1
14659,1
14660,1
14661,1
14662,0
14663,0
14664,0
14665,0
14666,0
14667,0
14668,1
14669,0
14670,0
14671,1
14672,0
14673,0
14674,0
14675,1
14676,1
14677,0
14678,1
14679,0
14680,0
14681,0
14682,0
14683,0
14684,1
14685,1
14686,0
14687,1
14688,1
14689,0
14690,1
14691,1
14692,1
14693,0
14694,1
14695,1
14696,1
14697,1
14698,1
14699,1
14700,1
14701,1
14702,1
14703,0
14704,0
14705,1
14706,0
14707,0
14708,0
14709,1
14710,0
14711,1
14712,1
14713,1
14714,1
14715,0
14716,0
14717,1
14718,1
14719,1
14720,0
14721,0
14722,1
14723,0
14724,0
14725,1
14726,1
14727,0
14728,0
14729,0
14730,1
14731,1
14732,0
14733,0
14734,0
14735,1
14736,1
14737,1
14738,1
14739,0
14740,0
14741,0
14742,1
14743,1
14744,0
14745,0
14746,0
14747,1
14748,1
14749,1
14750,1
14751,0
14752,1
14753,0
14754,1
14755,1
14756,1
14757,0
14758,0
14759,1
14760,1
14761,1
14762,0
14763,0
14764,0
14765,0
14766,1
14767,0
14768,1
14769,0
14770,1
14771,1
14772,1
14773,1
14774,1
14775,0
14776,0
14777,1
14778,0
14779,0
14780,0
14781,0
14782,1
14783,1
14784,0
14785,1
14786,1
14787,1
14788,0
14789,0
14790,0
14791,1
14792,0
14793,1
14794,0
14795,0
14796,0
14797,1
14798,1
14799,1
14800,1
14801,0
14802,1
14803,1
14804,1
14805,1
14806,1
14807,1
14808,0
14809,0
14810,0
14811,0
14812,0
14813,1
14814,0
14815,1
14816,1
14817,0
14818,0
14819,1
14820,1
14821,1
14822,1
14823,1
14824,0
14825,1
14826,1
14827,0
14828,0
14829,0
14830,1
14831,1
14832,1
14833,1
14834,1
14835,0
14836,1
14837,0
14838,1
14839,0
14840,1
14841,1
14842,0
14843,0
14844,0
14845,1
14846,1
14847,1
14848,1
14849,0
14850,1
14851,0
14852,1
14853,0
14854,0
14855,1
14856,0
14857,1
14858,1
14859,1
14860,0
14861,1
14862,1
14863,1
14864,0
14865,1
14866,1
14867,1
14868,0
14869,0
14870,0
14871,1
14872,1
14873,1
14874,1
14875,1
14876,1
14877,0
14878,1
14879,1
14880,1
14881,1
14882,1
14883,0
14884,0
14885,0
14886,0
14887,1
14888,0
14889,1
14890,1
14891,1
14892,1
14893,1
14894,1
14895,0
14896,1
14897,1
14898,0
14899,1
14900,0
14901,1
14902,1
14903,1
14904,0
14905,0
14906,0
14907,1
14908,0
14909,1
14910,1
14911,1
14912,1
14913,0
14914,1
14915,1
14916,0
14917,1
14918,0
14919,0
14920,1
14921,1
14922,0
14923,0
14924,0
14925,1
14926,0
14927,1
14928,0
14929,0
14930,1
14931,0
14932,1
14933,1
14934,1
14935,0
14936,1
14937,1
14938,1
14939,0
14940,1
14941,1
14942,1
14943,1
14944,1
14945,1
14946,1
14947,1
14948,0
14949,0
14950,0
14951,0
14952,1
14953,1
14954,1
14955,1
14956,0
14957,0
14958,0
14959,1
14960,0
14961,0
14962,0
14963,0
14964,1
14965,1
14966,0
14967,1
14968,1
14969,1
14970,1
14971,1
14972,1
14973,0
14974,1
14975,0
14976,0
14977,0
14978,1
14979,1
14980,1
14981,1
14982,0
14983,1
14984,0
14985,1
14986,1
14987,0
14988,1
14989,0
14990,1
14991,1
14992,0
14993,0
14994,0
14995,1
14996,1
14997,1
14998,0
14999,0
15000,0
15001,1
15002,1
15003,0
15004,0
15005,0
15006,1
15007,1
15008,1
15009,1
15010,0
15011,0
15012,0
15013,1
15014,1
15015,1
15016,1
15017,1
15018,0
15019,1
15020,1
15021,0
15022,0
15023,1
15024,0
15025,1
15026,0
15027,1
15028,1
15029,1
15030,1
15031,1
15032,1
15033,0
15034,0
15035,1
15036,1
15037,1
15038,1
15039,0
15040,1
15041,1
15042,1
15043,1
15044,0
15045,1
15046,0
15047,0
15048,1
15049,1
15050,1
15051,1
15052,0
15053,0
15054,0
15055,1
15056,1
15057,1
15058,0
15059,1
15060,1
15061,1
15062,1
15063,0
15064,0
15065,1
15066,1
15067,0
15068,1
15069,0
15070,0
15071,0
15072,0
15073,1
15074,0
15075,1
15076,1
15077,1
15078,0
15079,1
15080,0
15081,1
15082,1
15083,0
15084,0
15085,0
15086,0
15087,1
15088,1
15089,1
15090,1
15091,1
15092,0
15093,0
15094,1
15095,1
15096,0
15097,0
15098,0
15099,0
15100,1
15101,0
15102,0
15103,0
15104,0
15105,1
15106,0
15107,1
15108,1
15109,1
15110,1
15111,0
15112,1
15113,0
15114,1
15115,0
15116,0
15117,1
15118,0
15119,1
15120,1
15121,1
15122,0
15123,0
15124,0
15125,0
15126,1
15127,0
15128,1
15129,1
15130,1
15131,1
15132,1
15133,1
15134,1
15135,1
15136,1
15137,0
15138,1
15139,1
15140,0
15141,0
15142,0
15143,1
15144,0
15145,0
15146,1
15147,1
15148,1
15149,1
15150,1
15151,0
15152,1
15153,0
15154,0
15155,0
15156,1
15157,0
15158,0
15159,1
15160,0
15161,1
15162,1
15163,0
15164,1
15165,1
15166,1
15167,1
15168,0
15169,0
15170,0
15171,1
15172,0
15173,0
15174,0
15175,1
15176,1
15177,1
15178,1
15179,1
15180,1
15181,1
15182,1
15183,1
15184,0
15185,0
15186,1
15187,1
15188,0
15189,0
15190,0
15191,1
15192,1
15193,0
15194,0
15195,1
15196,1
15197,1
15198,1
15199,1
15200,1
15201,1
15202,1
15203,1
15204,1
15205,0
15206,1
15207,1
15208,1
15209,1
15210,0
15211,0
15212,0
15213,1
15214,1
15215,1
15216,1
15217,1
15218,1
15219,1
15220,1
15221,0
15222,1
15223,1
15224,0
15225,0
15226,1
15227,1
15228,1
15229,1
15230,1
15231,0
15232,1
15233,1
15234,1
15235,0
15236,0
15237,0
15238,1
15239,1
15240,0
15241,1
15242,0
15243,0
15244,0
15245,1
15246,1
15247,1
15248,1
15249,0
15250,1
15251,0
15252,0
15253,1
15254,0
15255,0
15256,1
15257,1
15258,0
15259,1
15260,0
15261,1
15262,1
15263,1
15264,0
15265,0
15266,1
15267,1
15268,1
15269,1
15270,1
15271,0
15272,0
15273,0
15274,0
15275,0
15276,1
15277,0
15278,1
15279,1
15280,1
15281,1
15282,1
15283,0
15284,1
15285,0
15286,1
15287,1
15288,1
15289,1
15290,0
15291,1
15292,1
15293,1
15294,1
15295,1
15296,1
15297,1
15298,1
15299,1
15300,0
15301,1
15302,0
15303,0
15304,0
15305,1
15306,0
15307,1
15308,1
15309,0
15310,0
15311,1
15312,0
15313,0
15314,0
15315,0
15316,1
15317,0
15318,0
15319,0
15320,1
15321,1
15322,1
15323,1
15324,1
15325,0
15326,1
15327,0
15328,1
15329,1
15330,0
15331,0
15332,0
15333,0
15334,1
15335,0
15336,0
15337,0
15338,0
15339,0
15340,0
15341,1
15342,1
15343,1
15344,1
15345,1
15346,1
15347,0
15348,0
15349,0
15350,0
15351,1
15352,0
15353,0
15354,1
15355,0
15356,1
15357,0
15358,1
15359,1
15360,1
15361,1
15362,1
15363,0
15364,0
15365,0
15366,0
15367,1
15368,0
15369,0
15370,1
15371,1
15372,0
15373,1
15374,1
15375,1
15376,1
15377,1
15378,0
15379,0
15380,1
15381,0
15382,1
15383,0
15384,1
15385,0
15386,0
15387,0
15388,1
15389,1
15390,1
15391,1
15392,1
15393,1
15394,1
15395,1
15396,0
15397,0
15398,0
15399,1
15400,1
15401,1
15402,1
15403,0
15404,1
15405,1
15406,1
15407,0
15408,1
15409,1
15410,0
15411,0
15412,0
15413,0
15414,1
15415,0
15416,1
15417,1
15418,0
15419,1
15420,0
15421,1
15422,1
15423,0
15424,1
15425,1
15426,0
15427,0
15428,1
15429,1
15430,1
15431,0
15432,1
15433,0
15434,1
15435,0
15436,1
15437,1
15438,1
15439,1
15440,0
15441,1
15442,1
15443,0
15444,1
15445,1
15446,1
15447,1
15448,1
15449,1
15450,0
15451,1
15452,1
15453,1
15454,1
15455,1
15456,1
15457,1
15458,1
15459,1
15460,1
15461,1
15462,1
15463,1
15464,1
15465,0
15466,1
15467,1
15468,0
15469,1
15470,1
15471,1
15472,1
15473,0
15474,1
15475,0
15476,1
15477,1
15478,0
15479,0
15480,1
15481,1
15482,0
15483,0
15484,1
15485,0
15486,0
15487,0
15488,1
15489,0
15490,1
15491,1
15492,0
15493,1
15494,0
15495,0
15496,0
15497,0
15498,0
15499,0
15500,1
15501,1
15502,0
15503,0
15504,1
15505,1
15506,0
15507,1
15508,1
15509,1
15510,1
15511,0
15512,1
15513,0
15514,1
15515,0
15516,0
15517,1
15518,0
15519,1
15520,0
15521,1
15522,0
15523,1
15524,0
15525,0
15526,1
15527,1
15528,0
15529,0
15530,0
15531,1
15532,1
15533,0
15534,1
15535,0
15536,1
15537,1
15538,1
15539,1
15540,0
15541,1
15542,0
15543,1
15544,1
15545,1
15546,1
15547,0
15548,1
15549,1
15550,1
15551,1
15552,0
15553,1
15554,0
15555,1
15556,1
15557,1
15558,0
15559,1
15560,1
15561,1
15562,1
15563,0
15564,1
15565,0
15566,1
15567,0
15568,0
15569,1
15570,0
15571,0
15572,1
15573,0
15574,0
15575,0
15576,1
15577,0
15578,1
15579,1
15580,1
15581,1
15582,1
15583,0
15584,0
15585,0
15586,0
15587,0
15588,1
15589,0
15590,1
15591,1
15592,0
15593,1
15594,0
15595,1
15596,1
15597,1
15598,1
15599,1
15600,1
15601,1
15602,0
15603,0
15604,0
15605,1
15606,0
15607,1
15608,0
15609,1
15610,0
15611,0
15612,0
15613,0
15614,0
15615,0
15616,0
15617,1
15618,1
15619,1
15620,0
15621,0
15622,1
15623,0
15624,0
15625,0
15626,0
15627,1
15628,0
15629,1
15630,0
15631,0
15632,1
15633,0
15634,0
15635,1
15636,0
15637,0
15638,1
15639,1
15640,1
15641,1
15642,0
15643,1
15644,1
15645,1
15646,1
15647,0
15648,1
15649,1
15650,1
15651,0
15652,1
15653,1
15654,0
15655,1
15656,0
15657,1
15658,1
15659,0
15660,1
15661,0
15662,1
15663,1
15664,0
15665,1
15666,0
15667,0
15668,0
15669,0
15670,0
15671,1
15672,1
15673,1
15674,1
15675,0
15676,1
15677,1
15678,1
15679,0
15680,1
15681,0
15682,0
15683,1
15684,1
15685,1
15686,0
15687,1
15688,0
15689,1
15690,0
15691,0
15692,0
15693,1
15694,1
15695,0
15696,0
15697,0
15698,0
15699,0
15700,1
15701,1
15702,1
15703,1
15704,1
15705,1
15706,0
15707,1
15708,0
15709,1
15710,0
15711,1
15712,1
15713,0
15714,1
15715,1
15716,1
15717,1
15718,1
15719,0
15720,0
15721,1
15722,1
15723,0
15724,1
15725,1
15726,1
15727,1
15728,0
15729,0
15730,1
15731,1
15732,0
15733,0
15734,1
15735,1
15736,0
15737,1
15738,1
15739,1
15740,0
15741,0
15742,0
15743,1
15744,0
15745,1
15746,0
15747,0
15748,1
15749,1
15750,0
15751,1
15752,1
15753,1
15754,0
15755,0
15756,0
15757,1
15758,1
15759,0
15760,1
15761,1
15762,1
15763,1
15764,1
15765,0
15766,0
15767,1
15768,0
15769,1
15770,0
15771,0
15772,1
15773,1
15774,0
15775,1
15776,0
15777,0
15778,1
15779,0
15780,1
15781,0
15782,0
15783,0
15784,0
15785,0
15786,0
15787,1
15788,0
15789,1
15790,1
15791,0
15792,1
15793,0
15794,0
15795,1
15796,1
15797,0
15798,0
15799,0
15800,0
15801,0
15802,0
15803,0
15804,1
15805,1
15806,0
15807,1
15808,1
15809,1
15810,1
15811,0
15812,0
15813,0
15814,1
15815,0
15816,1
15817,1
15818,1
15819,1
15820,1
15821,0
15822,0
15823,1
15824,1
15825,1
15826,1
15827,0
15828,0
15829,0
15830,1
15831,1
15832,1
15833,1
15834,0
15835,0
15836,0
15837,0
15838,1
15839,0
15840,1
15841,1
15842,0
15843,0
15844,0
15845,1
15846,1
15847,1
15848,1
15849,1
15850,1
15851,0
15852,0
15853,0
15854,0
15855,0
15856,0
15857,0
15858,0
15859,1
15860,0
15861,0
15862,1
15863,0
15864,0
15865,1
15866,0
15867,1
15868,1
15869,1
15870,1
15871,1
15872,1
15873,0
15874,0
15875,1
15876,0
15877,0
15878,1
15879,1
15880,1
15881,1
15882,0
15883,0
15884,1
15885,1
15886,1
15887,1
15888,0
15889,1
15890,0
15891,1
15892,0
15893,0
15894,1
15895,0
15896,0
15897,1
15898,0
15899,0
15900,1
15901,1
15902,0
15903,0
15904,1
15905,0
15906,0
15907,1
15908,1
15909,1
15910,1
15911,0
15912,1
15913,0
15914,1
15915,1
15916,1
15917,1
15918,1
15919,0
15920,1
15921,0
15922,1
15923,1
15924,1
15925,0
15926,0
15927,1
15928,1
15929,1
15930,0
15931,1
15932,1
15933,0
15934,1
15935,1
15936,1
15937,0
15938,1
15939,1
15940,1
15941,1
15942,0
15943,1
15944,0
15945,1
15946,1
15947,0
15948,1
15949,1
15950,0
15951,1
15952,0
15953,0
15954,1
15955,1
15956,0
15957,1
15958,0
15959,0
15960,1
15961,0
15962,1
15963,1
15964,0
15965,1
15966,0
15967,1
15968,1
15969,1
15970,1
15971,1
15972,1
15973,1
15974,0
15975,0
15976,1
15977,0
15978,1
15979,1
15980,1
15981,1
15982,1
15983,1
15984,0
15985,0
15986,0
15987,0
15988,1
15989,0
15990,0
15991,0
15992,1
15993,0
15994,1
15995,1
15996,0
15997,0
15998,0
15999,1
16000,1
16001,1
16002,1
16003,1
16004,1
16005,0
16006,1
16007,1
16008,1
16009,0
16010,0
16011,1
16012,1
16013,0
16014,1
16015,1
16016,0
16017,1
16018,1
16019,1
16020,0
16021,0
16022,1
16023,1
16024,0
16025,0
16026,1
16027,0
16028,1
16029,1
16030,1
16031,0
16032,0
16033,0
16034,0
16035,0
16036,1
16037,1
16038,0
16039,0
16040,1
16041,1
16042,0
16043,1
16044,1
16045,0
16046,1
16047,1
16048,1
16049,1
16050,0
16051,0
16052,0
16053,0
16054,1
16055,1
16056,0
16057,0
16058,1
16059,1
16060,0
16061,1
16062,0
16063,0
16064,0
16065,0
16066,1
16067,1
16068,0
16069,1
16070,0
16071,0
16072,0
16073,0
16074,1
16075,1
16076,1
16077,0
16078,0
16079,0
16080,1
16081,1
16082,1
16083,0
16084,0
16085,1
16086,0
16087,0
16088,0
16089,0
16090,1
16091,0
16092,0
16093,1
16094,1
16095,0
16096,1
16097,1
16098,1
16099,1
16100,0
16101,1
16102,1
16103,0
16104,1
16105,1
16106,1
16107,1
16108,1
16109,0
16110,1
16111,1
16112,0
16113,1
16114,0
16115,1
16116,1
16117,0
16118,0
16119,1
16120,0
16121,0
16122,1
16123,0
16124,1
16125,0
16126,0
16127,1
16128,1
16129,0
16130,1
16131,1
16132,1
16133,1
16134,1
16135,1
16136,0
16137,0
16138,0
16139,1
16140,1
16141,0
16142,1
16143,0
16144,1
16145,1
16146,0
16147,1
16148,0
16149,0
16150,0
16151,0
16152,1
16153,1
16154,0
16155,0
16156,1
16157,1
16158,0
16159,0
16160,1
16161,1
16162,0
16163,1
16164,1
16165,1
16166,1
16167,1
16168,1
16169,1
16170,0
16171,0
16172,1
16173,1
16174,1
16175,1
16176,0
16177,1
16178,1
16179,1
16180,0
16181,1
16182,0
16183,0
16184,1
16185,1
16186,0
16187,1
16188,1
16189,0
16190,1
16191,0
16192,0
16193,0
16194,1
16195,1
16196,0
16197,0
16198,1
16199,0
16200,0
16201,1
16202,1
16203,0
16204,0
16205,0
16206,0
16207,1
16208,1
16209,0
16210,1
16211,0
16212,1
16213,0
16214,0
16215,1
16216,0
16217,1
16218,1
16219,0
16220,1
16221,0
16222,1
16223,1
16224,1
16225,1
16226,0
16227,0
16228,1
16229,1
16230,1
16231,1
16232,1
16233,1
16234,0
16235,1
16236,1
16237,0
16238,1
16239,1
16240,1
16241,0
16242,1
16243,1
16244,0
16245,1
16246,1
16247,0
16248,0
16249,0
16250,0
16251,0
16252,1
16253,1
16254,1
16255,0
16256,1
16257,1
16258,0
16259,0
16260,1
16261,0
16262,1
16263,1
16264,0
16265,1
16266,1
16267,0
16268,1
16269,1
16270,1
16271,0
16272,1
16273,1
16274,1
16275,0
16276,0
16277,0
16278,1
16279,1
16280,1
16281,1
16282,1
16283,1
16284,1
16285,0
16286,1
16287,0
16288,1
16289,1
16290,0
16291,0
16292,1
16293,1
16294,1
16295,1
16296,1
16297,1
16298,1
16299,1
16300,1
16301,1
16302,1
16303,0
16304,1
16305,1
16306,0
16307,0
16308,1
16309,0
16310,1
16311,0
16312,0
16313,0
16314,1
16315,0
16316,1
16317,0
16318,0
16319,1
16320,1
16321,1
16322,0
16323,1
16324,0
16325,0
16326,0
16327,0
16328,1
16329,1
16330,0
16331,0
16332,0
16333,1
16334,0
16335,0
16336,1
16337,1
16338,1
16339,1
16340,1
16341,0
16342,0
16343,0
16344,1
16345,1
16346,1
16347,1
16348,1
16349,1
16350,1
16351,1
16352,1
16353,1
16354,0
16355,0
16356,0
16357,1
16358,1
16359,0
16360,1
16361,0
16362,0
16363,0
16364,1
16365,1
16366,0
16367,0
16368,1
16369,1
16370,1
16371,0
16372,1
16373,0
16374,0
16375,0
16376,1
16377,1
16378,0
16379,1
16380,1
16381,0
16382,0
16383,0
16384,1
16385,0
16386,1
16387,1
16388,1
16389,0
16390,1
16391,1
16392,1
16393,1
16394,0
16395,0
16396,1
16397,1
16398,1
16399,0
16400,0
16401,1
16402,0
16403,1
16404,1
16405,0
16406,1
16407,1
16408,1
16409,0
16410,0
16411,0
16412,1
16413,0
16414,1
16415,0
16416,1
16417,1
16418,0
16419,1
16420,1
16421,1
16422,1
16423,1
16424,1
16425,1
16426,1
16427,1
16428,0
16429,1
16430,0
16431,0
16432,0
16433,0
16434,1
16435,1
16436,0
16437,0
16438,1
16439,1
16440,1
16441,0
16442,1
16443,0
16444,1
16445,0
16446,1
16447,1
16448,0
16449,1
16450,1
16451,1
16452,0
16453,0
16454,1
16455,0
16456,0
16457,1
16458,0
16459,0
16460,1
16461,1
16462,1
16463,0
16464,1
16465,1
16466,1
16467,0
16468,0
16469,1
16470,0
16471,1
16472,1
16473,0
16474,1
16475,1
16476,1
16477,1
16478,1
16479,1
16480,1
16481,0
16482,1
16483,1
16484,1
16485,1
16486,1
16487,1
16488,1
16489,1
16490,1
16491,1
16492,0
16493,1
16494,0
16495,1
16496,0
16497,1
16498,0
16499,1
16500,1
16501,1
16502,1
16503,0
16504,0
16505,1
16506,0
16507,1
16508,0
16509,0
16510,1
16511,0
16512,1
16513,1
16514,0
16515,0
16516,1
16517,1
16518,1
16519,0
16520,1
16521,0
16522,1
16523,0
16524,1
16525,1
16526,1
16527,1
16528,1
16529,0
16530,1
16531,0
16532,1
16533,1
16534,0
16535,0
16536,1
16537,1
16538,1
16539,0
16540,1
16541,1
16542,0
16543,0
16544,0
16545,1
16546,0
16547,1
16548,1
16549,0
16550,1
16551,0
16552,1
16553,1
16554,1
16555,1
16556,0
16557,1
16558,0
16559,0
16560,0
16561,1
16562,1
16563,1
16564,1
16565,0
16566,1
16567,1
16568,0
16569,1
16570,0
16571,0
16572,0
16573,1
16574,1
16575,0
16576,0
16577,0
16578,1
16579,0
16580,1
16581,0
16582,0
16583,1
16584,1
16585,1
16586,0
16587,1
16588,1
16589,1
16590,0
16591,1
16592,0
16593,1
16594,1
16595,1
16596,1
16597,0
16598,1
16599,1
16600,0
16601,0
16602,0
16603,0
16604,0
16605,0
16606,0
16607,0
16608,1
16609,0
16610,1
16611,1
16612,0
16613,0
16614,0
16615,1
16616,1
16617,1
16618,1
16619,1
16620,1
16621,1
16622,0
16623,0
16624,1
16625,0
16626,1
16627,1
16628,1
16629,1
16630,1
16631,0
16632,1
16633,1
16634,0
16635,1
16636,1
16637,0
16638,1
16639,1
16640,1
16641,1
16642,0
16643,0
16644,1
16645,1
16646,1
16647,1
16648,0
16649,0
16650,1
16651,1
16652,0
16653,0
16654,0
16655,0
16656,1
16657,0
16658,1
16659,0
16660,0
16661,0
16662,0
16663,1
16664,0
16665,1
16666,0
16667,0
16668,1
16669,1
16670,0
16671,1
16672,1
16673,1
16674,0
16675,0
16676,1
16677,1
16678,1
16679,1
16680,1
16681,1
16682,0
16683,0
16684,1
16685,0
16686,0
16687,0
16688,1
16689,0
16690,1
16691,0
16692,0
16693,0
16694,0
16695,0
16696,1
16697,1
16698,1
16699,0
16700,1
16701,0
16702,1
16703,0
16704,1
16705,1
16706,0
16707,1
16708,0
16709,0
16710,1
16711,0
16712,1
16713,1
16714,1
16715,0
16716,1
16717,1
16718,1
16719,1
16720,0
16721,1
16722,0
16723,0
16724,0
16725,0
16726,0
16727,0
16728,1
16729,1
16730,0
16731,1
16732,0
16733,0
16734,0
16735,1
16736,0
16737,1
16738,1
16739,0
16740,0
16741,1
16742,0
16743,1
16744,0
16745,0
16746,1
16747,1
16748,0
16749,1
16750,0
16751,1
16752,0
16753,0
16754,0
16755,1
16756,1
16757,1
16758,1
16759,1
16760,0
16761,1
16762,0
16763,1
16764,0
16765,1
16766,1
16767,1
16768,1
16769,0
16770,0
16771,1
16772,1
16773,0
16774,1
16775,0
16776,1
16777,0
16778,0
16779,1
16780,1
16781,0
16782,0
16783,0
16784,1
16785,1
16786,1
16787,0
16788,1
16789,1
16790,1
16791,0
16792,0
16793,0
16794,1
16795,1
16796,1
16797,0
16798,0
16799,1
16800,1
16801,0
16802,0
16803,0
16804,1
16805,0
16806,1
16807,0
16808,1
16809,0
16810,1
16811,0
16812,0
16813,0
16814,1
16815,1
16816,1
16817,1
16818,1
16819,0
16820,0
16821,1
16822,1
16823,1
16824,1
16825,0
16826,0
16827,0
16828,1
16829,1
16830,1
16831,0
16832,1
16833,1
16834,1
16835,1
16836,1
16837,1
16838,1
16839,1
16840,0
16841,1
16842,1
16843,0
16844,1
16845,1
16846,1
16847,0
16848,0
16849,1
16850,1
16851,0
16852,1
16853,1
16854,1
16855,1
16856,1
16857,0
16858,1
16859,0
16860,0
16861,1
16862,0
16863,1
16864,1
16865,1
16866,0
16867,1
16868,0
16869,0
16870,1
16871,1
16872,0
16873,0
16874,1
16875,1
16876,0
16877,0
16878,0
16879,1
16880,1
16881,0
16882,0
16883,1
16884,1
16885,1
16886,1
16887,1
16888,1
16889,1
16890,1
16891,1
16892,1
16893,0
16894,0
16895,0
16896,0
16897,1
16898,1
16899,0
16900,0
16901,0
16902,1
16903,1
16904,0
16905,0
16906,0
16907,0
16908,1
16909,0
16910,0
16911,1
16912,1
16913,0
16914,0
16915,1
16916,0
16917,0
16918,1
16919,1
16920,0
16921,1
16922,0
16923,1
16924,0
16925,1
16926,0
16927,0
16928,1
16929,1
16930,0
16931,1
16932,1
16933,1
16934,1
16935,1
16936,1
16937,0
16938,1
16939,1
16940,1
16941,1
16942,1
16943,1
16944,0
16945,1
16946,0
16947,0
16948,1
16949,1
16950,1
16951,1
16952,0
16953,1
16954,0
16955,1
16956,1
16957,1
16958,1
16959,0
16960,1
16961,0
16962,1
16963,0
16964,1
16965,0
16966,1
16967,1
16968,0
16969,0
16970,1
16971,0
16972,1
16973,0
16974,1
16975,0
16976,0
16977,0
16978,1
16979,1
16980,0
16981,1
16982,1
16983,1
16984,1
16985,1
16986,1
16987,0
16988,1
16989,1
16990,1
16991,0
16992,0
16993,1
16994,1
16995,0
16996,1
16997,1
16998,0
16999,1
17000,1
17001,1
17002,1
17003,1
17004,0
17005,1
17006,1
17007,0
17008,0
17009,0
17010,0
17011,0
17012,1
17013,0
17014,0
17015,0
17016,1
17017,0
17018,1
17019,1
17020,1
17021,1
17022,0
17023,1
17024,1
17025,0
17026,0
17027,1
17028,1
17029,0
17030,1
17031,1
17032,1
17033,0
17034,0
17035,0
17036,0
17037,1
17038,0
17039,0
17040,1
17041,1
17042,0
17043,1
17044,1
17045,1
17046,0
17047,1
17048,1
17049,0
17050,1
17051,0
17052,1
17053,0
17054,1
17055,1
17056,1
17057,0
17058,1
17059,1
17060,1
17061,0
17062,0
17063,1
17064,1
17065,1
17066,0
17067,0
17068,1
17069,0
17070,0
17071,0
17072,0
17073,1
17074,0
17075,0
17076,1
17077,0
17078,0
17079,1
17080,1
17081,1
17082,0
17083,0
17084,1
17085,0
17086,0
17087,1
17088,1
17089,1
17090,1
17091,0
17092,1
17093,0
17094,0
17095,1
17096,0
17097,1
17098,0
17099,0
17100,1
17101,1
17102,1
17103,1
17104,0
17105,0
17106,0
17107,0
17108,0
17109,1
17110,1
17111,0
17112,0
17113,0
17114,1
17115,1
17116,1
17117,1
17118,1
17119,0
17120,0
17121,1
17122,1
17123,1
17124,1
17125,0
17126,0
17127,1
17128,1
17129,0
17130,0
17131,1
17132,1
17133,0
17134,1
17135,1
17136,1
17137,1
17138,0
17139,0
17140,1
17141,1
17142,0
17143,1
17144,1
17145,1
17146,1
17147,1
17148,1
17149,0
17150,0
17151,1
17152,1
17153,1
17154,1
17155,1
17156,1
17157,1
17158,1
17159,0
17160,1
17161,0
17162,1
17163,1
17164,1
17165,0
17166,0
17167,0
17168,1
17169,0
17170,1
17171,1
17172,1
17173,1
17174,0
17175,1
17176,1
17177,0
17178,1
17179,0
17180,1
17181,1
17182,1
17183,1
17184,1
17185,1
17186,1
17187,0
17188,1
17189,1
17190,1
17191,0
17192,1
17193,1
17194,0
17195,1
17196,0
17197,1
17198,1
17199,0
17200,1
17201,1
17202,1
17203,1
17204,1
17205,1
17206,1
17207,0
17208,0
17209,0
17210,0
17211,0
17212,0
17213,0
17214,0
17215,0
17216,1
17217,1
17218,1
17219,1
17220,0
17221,1
17222,0
17223,1
17224,1
17225,1
17226,1
17227,1
17228,0
17229,1
17230,1
17231,0
17232,1
17233,0
17234,0
17235,1
17236,0
17237,0
17238,1
17239,0
17240,1
17241,0
17242,1
17243,0
17244,0
17245,0
17246,0
17247,0
17248,0
17249,1
17250,1
17251,1
17252,0
17253,0
17254,1
17255,1
17256,0
17257,0
17258,0
17259,0
17260,1
17261,1
17262,1
17263,0
17264,0
17265,1
17266,0
17267,1
17268,0
17269,0
17270,1
17271,1
17272,1
17273,1
17274,1
17275,1
17276,1
17277,1
17278,1
17279,0
17280,0
17281,0
17282,0
17283,0
17284,1
17285,1
17286,0
17287,0
17288,1
17289,1
17290,1
17291,1
17292,0
17293,1
17294,1
17295,1
17296,0
17297,1
17298,0
17299,1
17300,0
17301,1
17302,0
17303,1
17304,1
17305,0
17306,1
17307,1
17308,0
17309,0
17310,1
17311,1
17312,1
17313,0
17314,1
17315,0
17316,0
17317,0
17318,0
17319,0
17320,0
17321,1
17322,0
17323,1
17324,0
17325,1
17326,1
17327,0
17328,0
17329,1
17330,1
17331,0
17332,1
17333,0
17334,0
17335,1
17336,0
17337,1
17338,1
17339,0
17340,1
17341,0
17342,1
17343,0
17344,1
17345,1
17346,1
17347,1
17348,1
17349,0
17350,0
17351,0
17352,0
17353,1
17354,1
17355,0
17356,0
17357,1
17358,1
17359,1
17360,0
17361,0
17362,1
17363,1
17364,1
17365,1
17366,1
17367,1
17368,1
17369,0
17370,0
17371,1
17372,0
17373,1
17374,1
17375,1
17376,1
17377,0
17378,0
17379,1
17380,1
17381,0
17382,1
17383,1
17384,1
17385,1
17386,0
17387,1
17388,0
17389,1
17390,1
17391,1
17392,1
17393,1
17394,0
17395,1
17396,1
17397,1
17398,0
17399,1
17400,0
17401,0
17402,0
17403,1
17404,0
17405,1
17406,1
17407,1
17408,0
17409,0
17410,0
17411,0
17412,1
17413,0
17414,1
17415,1
17416,1
17417,0
17418,1
17419,1
17420,0
17421,0
17422,0
17423,0
17424,0
17425,1
17426,1
17427,1
17428,1
17429,0
17430,0
17431,0
17432,0
17433,0
17434,0
17435,1
17436,0
17437,1
17438,0
17439,0
17440,1
17441,1
17442,0
17443,0
17444,0
17445,1
17446,1
17447,1
17448,1
17449,1
17450,1
17451,1
17452,1
17453,1
17454,1
17455,1
17456,0
17457,0
17458,0
17459,1
17460,1
17461,0
17462,1
17463,1
17464,1
17465,0
17466,1
17467,0
17468,1
17469,1
17470,1
17471,1
17472,1
17473,1
17474,1
17475,1
17476,1
17477,1
17478,1
17479,0
17480,1
17481,1
17482,0
17483,1
17484,1
17485,1
17486,1
17487,0
17488,1
17489,1
17490,1
17491,1
17492,0
17493,1
17494,0
17495,0
17496,1
17497,0
17498,0
17499,0
17500,0
17501,0
17502,0
17503,1
17504,1
17505,1
17506,1
17507,1
17508,1
17509,1
17510,0
17511,0
17512,0
17513,0
17514,0
17515,0
17516,0
17517,0
17518,0
17519,1
17520,1
17521,0
17522,0
17523,0
17524,0
17525,0
17526,0
17527,0
17528,1
17529,1
17530,0
17531,0
17532,0
17533,1
17534,0
17535,1
17536,1
17537,0
17538,0
17539,1
17540,1
17541,0
17542,0
17543,1
17544,1
17545,1
17546,1
17547,1
17548,0
17549,1
17550,0
17551,0
17552,1
17553,1
17554,1
17555,1
17556,1
17557,0
17558,1
17559,1
17560,1
17561,0
17562,1
17563,0
17564,1
17565,1
17566,0
17567,1
17568,0
17569,1
17570,1
17571,0
17572,1
17573,0
17574,0
17575,0
17576,1
17577,0
17578,0
17579,1
17580,1
17581,0
17582,1
17583,0
17584,1
17585,0
17586,1
17587,0
17588,0
17589,0
17590,1
17591,0
17592,0
17593,1
17594,1
17595,0
17596,1
17597,0
17598,1
17599,1
17600,0
17601,0
17602,1
17603,1
17604,0
17605,1
17606,0
17607,1
17608,1
17609,1
17610,1
17611,1
17612,1
17613,1
17614,1
17615,0
17616,0
17617,1
17618,0
17619,0
17620,1
17621,0
17622,1
17623,0
17624,0
17625,0
17626,1
17627,1
17628,0
17629,1
17630,1
17631,0
17632,1
17633,1
17634,1
17635,1
17636,1
17637,1
17638,0
17639,1
17640,1
17641,1
17642,1
17643,0
17644,1
17645,1
17646,1
17647,1
17648,1
17649,0
17650,1
17651,0
17652,1
17653,1
17654,1
17655,1
17656,1
17657,1
17658,1
17659,1
17660,0
17661,0
17662,1
17663,1
17664,1
17665,1
17666,0
17667,1
17668,1
17669,0
17670,0
17671,0
17672,0
17673,1
17674,0
17675,0
17676,1
17677,0
17678,1
17679,1
17680,0
17681,0
17682,0
17683,1
17684,1
17685,1
17686,0
17687,1
17688,0
17689,1
17690,0
17691,0
17692,0
17693,0
17694,1
17695,1
17696,1
17697,1
17698,0
17699,0
17700,0
17701,1
17702,1
17703,1
17704,0
17705,0
17706,0
17707,0
17708,1
17709,1
17710,1
17711,0
17712,0
17713,1
17714,0
17715,0
17716,0
17717,1
17718,1
17719,1
17720,1
17721,0
17722,1
17723,0
17724,1
17725,1
17726,1
17727,0
17728,1
17729,0
17730,0
17731,0
17732,0
17733,1
17734,1
17735,1
17736,0
17737,1
17738,1
17739,1
17740,1
17741,1
17742,0
17743,1
17744,0
17745,0
17746,1
17747,0
17748,1
17749,1
17750,1
17751,1
17752,0
17753,1
17754,1
17755,0
17756,0
17757,0
17758,1
17759,1
17760,0
17761,1
17762,1
17763,0
17764,0
17765,1
17766,1
17767,0
17768,1
17769,0
17770,0
17771,0
17772,1
17773,1
17774,0
17775,0
17776,0
17777,0
17778,1
17779,1
17780,1
17781,1
17782,1
17783,0
17784,1
17785,1
17786,0
17787,1
17788,1
17789,1
17790,1
17791,1
17792,0
17793,0
17794,0
17795,0
17796,0
17797,0
17798,1
17799,1
17800,0
17801,0
17802,1
17803,1
17804,0
17805,0
17806,1
17807,1
17808,1
17809,0
17810,1
17811,0
17812,0
17813,1
17814,1
17815,1
17816,1
17817,1
17818,0
17819,0
17820,0
17821,1
17822,1
17823,0
17824,1
17825,0
17826,1
17827,1
17828,0
17829,1
17830,1
17831,0
17832,1
17833,1
17834,0
17835,1
17836,1
17837,1
17838,1
17839,1
17840,1
17841,0
17842,0
17843,1
17844,0
17845,0
17846,1
17847,1
17848,0
17849,1
17850,0
17851,1
17852,0
17853,1
17854,1
17855,1
17856,0
17857,0
17858,1
17859,1
17860,1
17861,0
17862,0
17863,0
17864,0
17865,0
17866,1
17867,1
17868,1
17869,1
17870,1
17871,1
17872,0
17873,1
17874,1
17875,1
17876,0
17877,1
17878,1
17879,0
17880,1
17881,1
17882,1
17883,1
17884,0
17885,1
17886,0
17887,1
17888,1
17889,1
17890,1
17891,0
17892,1
17893,1
17894,1
17895,1
17896,0
17897,1
17898,0
17899,1
17900,0
17901,0
17902,0
17903,0
17904,0
17905,0
17906,1
17907,0
17908,0
17909,0
17910,0
17911,1
17912,1
17913,1
17914,1
17915,0
17916,0
17917,1
17918,0
17919,0
17920,1
17921,1
17922,1
17923,0
17924,0
17925,0
17926,0
17927,1
17928,0
17929,1
17930,0
17931,1
17932,1
17933,1
17934,1
17935,0
17936,1
17937,0
17938,1
17939,0
17940,1
17941,0
17942,0
17943,1
17944,1
17945,0
17946,0
17947,1
17948,1
17949,1
17950,0
17951,1
17952,1
17953,0
17954,1
17955,1
17956,1
17957,1
17958,1
17959,0
17960,1
17961,1
17962,1
17963,1
17964,0
17965,1
17966,0
17967,1
17968,0
17969,1
17970,1
17971,1
17972,0
17973,0
17974,1
17975,1
17976,0
17977,1
17978,0
17979,0
17980,0
17981,1
17982,0
17983,1
17984,1
17985,1
17986,0
17987,1
17988,0
17989,0
17990,0
17991,1
17992,0
17993,1
17994,0
17995,0
17996,1
17997,0
17998,0
17999,1
18000,0
18001,1
18002,0
18003,0
18004,1
18005,1
18006,1
18007,1
18008,1
18009,0
18010,1
18011,0
18012,1
18013,0
18014,1
18015,0
18016,1
18017,1
18018,1
18019,0
18020,1
18021,1
18022,1
18023,1
18024,0
18025,0
18026,1
18027,0
18028,0
18029,0
18030,1
18031,1
18032,1
18033,1
18034,0
18035,1
18036,1
18037,1
18038,1
18039,1
18040,0
18041,0
18042,1
18043,1
18044,0
18045,0
18046,0
18047,1
18048,1
18049,0
18050,1
18051,0
18052,1
18053,1
18054,0
18055,1
18056,1
18057,1
18058,1
18059,0
18060,0
18061,0
18062,0
18063,0
18064,1
18065,0
18066,1
18067,1
18068,0
18069,0
18070,1
18071,1
18072,0
18073,1
18074,0
18075,1
18076,1
18077,0
18078,1
18079,0
18080,1
18081,0
18082,1
18083,1
18084,0
18085,1
18086,1
18087,1
18088,1
18089,1
18090,1
18091,0
18092,1
18093,1
18094,0
18095,0
18096,0
18097,1
18098,1
18099,1
18100,1
18101,1
18102,0
18103,0
18104,1
18105,1
18106,1
18107,0
18108,1
18109,1
18110,0
18111,1
18112,1
18113,1
18114,1
18115,1
18116,1
18117,1
18118,1
18119,1
18120,1
18121,1
18122,1
18123,1
18124,0
18125,1
18126,0
18127,1
18128,1
18129,0
18130,1
18131,0
18132,1
18133,1
18134,0
18135,1
18136,1
18137,1
18138,0
18139,0
18140,1
18141,1
18142,1
18143,0
18144,1
18145,1
18146,1
18147,1
18148,1
18149,1
18150,1
18151,1
18152,1
18153,1
18154,1
18155,0
18156,0
18157,0
18158,1
18159,1
18160,0
18161,0
18162,1
18163,0
18164,0
18165,1
18166,0
18167,0
18168,0
18169,1
18170,1
18171,1
18172,0
18173,0
18174,0
18175,0
18176,1
18177,1
18178,0
18179,0
18180,1
18181,0
18182,1
18183,0
18184,1
18185,1
18186,0
18187,1
18188,1
18189,1
18190,0
18191,1
18192,1
18193,0
18194,0
18195,0
18196,1
18197,1
18198,1
18199,1
18200,0
18201,0
18202,1
18203,1
18204,0
18205,0
18206,1
18207,1
18208,1
18209,1
18210,1
18211,1
18212,1
18213,1
18214,0
18215,0
18216,0
18217,0
18218,1
18219,1
18220,1
18221,1
18222,0
18223,1
18224,1
18225,0
18226,1
18227,1
18228,1
18229,1
18230,1
18231,1
18232,1
18233,0
18234,1
18235,1
18236,0
18237,1
18238,1
18239,1
18240,0
18241,1
18242,0
18243,0
18244,1
18245,0
18246,0
18247,0
18248,1
18249,0
18250,1
18251,0
18252,0
18253,1
18254,0
18255,0
18256,1
18257,0
18258,1
18259,0
18260,1
18261,1
18262,1
18263,0
18264,1
18265,1
18266,0
18267,1
18268,1
18269,1
18270,0
18271,1
18272,1
18273,0
18274,1
18275,0
18276,1
18277,0
18278,1
18279,1
18280,0
18281,0
18282,1
18283,0
18284,0
18285,0
18286,0
18287,1
18288,1
18289,0
18290,0
18291,1
18292,1
18293,0
18294,1
18295,1
18296,0
18297,0
18298,0
18299,1
18300,1
18301,1
18302,1
18303,1
18304,0
18305,1
18306,1
18307,0
18308,0
18309,1
18310,1
18311,0
18312,1
18313,0
18314,0
18315,0
18316,0
18317,1
18318,1
18319,0
18320,1
18321,1
18322,0
18323,0
18324,1
18325,0
18326,1
18327,0
18328,1
18329,1
18330,1
18331,1
18332,0
18333,1
18334,1
18335,1
18336,1
18337,0
18338,1
18339,0
18340,1
18341,1
18342,1
18343,0
18344,1
18345,0
18346,1
18347,1
18348,1
18349,0
18350,1
18351,1
18352,0
18353,1
18354,0
18355,0
18356,1
18357,1
18358,1
18359,0
18360,1
18361,1
18362,1
18363,1
18364,0
18365,1
18366,0
18367,1
18368,1
18369,0
18370,0
18371,1
18372,0
18373,0
18374,1
18375,1
18376,1
18377,0
18378,1
18379,0
18380,1
18381,0
18382,1
18383,1
18384,0
18385,1
18386,1
18387,0
18388,1
18389,1
18390,1
18391,1
18392,1
18393,0
18394,0
18395,0
18396,0
18397,1
18398,1
18399,0
18400,1
18401,1
18402,1
18403,1
18404,1
18405,1
18406,0
18407,0
18408,0
18409,1
18410,0
18411,1
18412,1
18413,1
18414,0
18415,0
18416,1
18417,0
18418,1
18419,1
18420,1
18421,1
18422,1
18423,1
18424,0
18425,1
18426,1
18427,1
18428,1
18429,0
18430,1
18431,0
18432,1
18433,0
18434,1
18435,1
18436,0
18437,1
18438,0
18439,1
18440,1
18441,0
18442,0
18443,1
18444,1
18445,1
18446,0
18447,0
18448,1
18449,0
18450,1
18451,1
18452,1
18453,0
18454,0
18455,0
18456,0
18457,0
18458,0
18459,0
18460,0
18461,0
18462,1
18463,1
18464,0
18465,0
18466,1
18467,1
18468,1
18469,0
18470,1
18471,0
18472,1
18473,1
18474,0
18475,1
18476,0
18477,1
18478,1
18479,0
18480,0
18481,1
18482,1
18483,1
18484,1
18485,1
18486,1
18487,0
18488,1
18489,0
18490,0
18491,0
18492,1
18493,1
18494,0
18495,0
18496,0
18497,1
18498,1
18499,0
18500,1
18501,1
18502,0
18503,1
18504,1
18505,0
18506,1
18507,1
18508,0
18509,1
18510,1
18511,1
18512,0
18513,1
18514,0
18515,0
18516,0
18517,0
18518,0
18519,0
18520,1
18521,1
18522,0
18523,0
18524,0
18525,1
18526,1
18527,1
18528,0
18529,0
18530,1
18531,1
18532,0
18533,0
18534,0
18535,0
18536,1
18537,1
18538,1
18539,1
18540,1
18541,1
18542,1
18543,0
18544,0
18545,1
18546,0
18547,0
18548,0
18549,0
18550,1
18551,1
18552,0
18553,1
18554,0
18555,1
18556,0
18557,1
18558,1
18559,1
18560,1
18561,0
18562,1
18563,1
18564,1
18565,1
18566,1
18567,0
18568,0
18569,1
18570,0
18571,1
18572,1
18573,1
18574,1
18575,1
18576,1
18577,0
18578,0
18579,1
18580,0
18581,0
18582,1
18583,1
18584,0
18585,1
18586,1
18587,0
18588,1
18589,1
18590,0
18591,1
18592,1
18593,0
18594,0
18595,1
18596,1
18597,1
18598,1
18599,1
18600,0
18601,1
18602,0
18603,0
18604,0
18605,1
18606,1
18607,0
18608,1
18609,1
18610,1
18611,1
18612,0
18613,0
18614,1
18615,1
18616,1
18617,0
18618,0
18619,0
18620,1
18621,1
18622,1
18623,0
18624,0
18625,1
18626,1
18627,1
18628,1
18629,0
18630,0
18631,1
18632,1
18633,0
18634,1
18635,1
18636,1
18637,1
18638,1
18639,0
18640,1
18641,1
18642,1
18643,0
18644,1
18645,0
18646,1
18647,0
18648,0
18649,1
18650,0
18651,0
18652,0
18653,1
18654,0
18655,0
18656,1
18657,1
18658,1
18659,0
18660,1
18661,1
18662,1
18663,1
18664,1
18665,1
18666,0
18667,1
18668,1
18669,0
18670,0
18671,1
18672,1
18673,1
18674,1
18675,0
18676,1
18677,1
18678,0
18679,0
18680,0
18681,0
18682,0
18683,1
18684,1
18685,1
18686,0
18687,1
18688,1
18689,0
18690,1
18691,1
18692,1
18693,0
18694,1
18695,0
18696,1
18697,0
18698,0
18699,0
18700,1
18701,1
18702,0
18703,0
18704,0
18705,1
18706,1
18707,1
18708,1
18709,0
18710,1
18711,0
18712,0
18713,0
18714,0
18715,1
18716,0
18717,1
18718,0
18719,0
18720,1
18721,1
18722,0
18723,1
18724,0
18725,0
18726,1
18727,1
18728,1
18729,1
18730,0
18731,1
18732,0
18733,1
18734,0
18735,0
18736,1
18737,1
18738,1
18739,1
18740,0
18741,1
18742,1
18743,1
18744,0
18745,1
18746,0
18747,1
18748,1
18749,1
18750,0
18751,1
18752,0
18753,1
18754,1
18755,0
18756,0
18757,0
18758,0
18759,1
18760,1
18761,1
18762,0
18763,1
18764,0
18765,0
18766,0
18767,0
18768,1
18769,1
18770,1
18771,1
18772,1
18773,1
18774,0
18775,1
18776,0
18777,0
18778,1
18779,1
18780,0
18781,1
18782,1
18783,0
18784,0
18785,1
18786,1
18787,0
18788,1
18789,1
18790,0
18791,0
18792,1
18793,1
18794,0
18795,1
18796,1
18797,1
18798,1
18799,1
18800,1
18801,0
18802,0
18803,0
18804,1
18805,0
18806,1
18807,1
18808,1
18809,1
18810,0
18811,1
18812,1
18813,0
18814,1
18815,1
18816,1
18817,0
18818,0
18819,0
18820,0
18821,1
18822,1
18823,1
18824,1
18825,1
18826,1
18827,1
18828,0
18829,1
18830,1
18831,0
18832,0
18833,1
18834,1
18835,1
18836,1
18837,1
18838,0
18839,1
18840,1
18841,1
18842,0
18843,1
18844,0
18845,0
18846,1
18847,0
18848,0
18849,0
18850,1
18851,1
18852,0
18853,0
18854,0
18855,1
18856,1
18857,0
18858,1
18859,1
18860,1
18861,1
18862,0
18863,0
18864,0
18865,0
18866,0
18867,0
18868,1
18869,0
18870,0
18871,1
18872,1
18873,1
18874,0
18875,1
18876,1
18877,1
18878,1
18879,0
18880,1
18881,1
18882,0
18883,0
18884,0
18885,1
18886,1
18887,0
18888,0
18889,0
18890,0
18891,1
18892,0
18893,1
18894,0
18895,1
18896,1
18897,0
18898,0
18899,0
18900,0
18901,1
18902,1
18903,1
18904,1
18905,0
18906,0
18907,1
18908,0
18909,1
18910,1
18911,0
18912,0
18913,1
18914,1
18915,0
18916,1
18917,0
18918,1
18919,0
18920,1
18921,1
18922,1
18923,0
18924,1
18925,1
18926,0
18927,0
18928,1
18929,1
18930,1
18931,1
18932,1
18933,0
18934,0
18935,0
18936,0
18937,1
18938,0
18939,1
18940,1
18941,1
18942,0
18943,0
18944,0
18945,0
18946,1
18947,0
18948,1
18949,0
18950,1
18951,0
18952,1
18953,1
18954,0
18955,1
18956,0
18957,0
18958,0
18959,1
18960,1
18961,0
18962,1
18963,0
18964,1
18965,1
18966,1
18967,1
18968,1
18969,0
18970,0
18971,1
18972,1
18973,0
18974,1
18975,0
18976,1
18977,1
18978,1
18979,0
18980,1
18981,0
18982,1
18983,0
18984,1
18985,1
18986,0
18987,1
18988,1
18989,0
18990,0
18991,1
18992,0
18993,1
18994,1
18995,0
18996,0
18997,1
18998,1
18999,0
19000,1
19001,1
19002,0
19003,1
19004,1
19005,0
19006,0
19007,1
19008,1
19009,0
19010,0
19011,1
19012,1
19013,0
19014,0
19015,0
19016,0
19017,0
19018,1
19019,0
19020,1
19021,1
19022,0
19023,0
19024,1
19025,1
19026,1
19027,0
19028,0
19029,0
19030,0
19031,0
19032,1
19033,0
19034,0
19035,1
19036,1
19037,1
19038,0
19039,0
19040,1
19041,1
19042,1
19043,0
19044,1
19045,1
19046,1
19047,1
19048,0
19049,1
19050,0
19051,0
19052,1
19053,1
19054,1
19055,1
19056,1
19057,1
19058,1
19059,1
19060,1
19061,1
19062,1
19063,1
19064,0
19065,1
19066,0
19067,1
19068,1
19069,1
19070,1
19071,0
19072,1
19073,0
19074,0
19075,1
19076,1
19077,1
19078,0
19079,1
19080,0
19081,0
19082,0
19083,0
19084,1
19085,0
19086,1
19087,0
19088,1
19089,0
19090,0
19091,1
19092,1
19093,1
19094,0
19095,0
19096,0
19097,1
19098,0
19099,1
19100,0
19101,0
19102,0
19103,0
19104,1
19105,0
19106,1
19107,0
19108,1
19109,1
19110,0
19111,1
19112,0
19113,0
19114,1
19115,0
19116,1
19117,1
19118,1
19119,1
19120,1
19121,0
19122,1
19123,1
19124,1
19125,1
19126,0
19127,0
19128,1
19129,1
19130,1
19131,1
19132,0
19133,0
19134,0
19135,1
19136,1
19137,1
19138,1
19139,0
19140,1
19141,1
19142,1
19143,1
19144,1
19145,1
19146,0
19147,0
19148,1
19149,0
19150,0
19151,0
19152,0
19153,0
19154,0
19155,1
19156,1
19157,1
19158,1
19159,0
19160,0
19161,1
19162,1
19163,1
19164,0
19165,0
19166,1
19167,0
19168,1
19169,0
19170,0
19171,1
19172,1
19173,1
19174,0
19175,0
19176,1
19177,1
19178,1
19179,0
19180,1
19181,1
19182,1
19183,1
19184,0
19185,0
19186,0
19187,1
19188,1
19189,0
19190,1
19191,1
19192,1
19193,0
19194,0
19195,1
19196,1
19197,1
19198,0
19199,1
19200,1
19201,0
19202,0
19203,0
19204,0
19205,0
19206,1
19207,0
19208,0
19209,1
19210,1
19211,1
19212,1
19213,1
19214,1
19215,0
19216,0
19217,0
19218,0
19219,0
19220,1
19221,0
19222,1
19223,0
19224,0
19225,1
19226,1
19227,1
19228,1
19229,1
19230,1
19231,0
19232,0
19233,1
19234,0
19235,1
19236,1
19237,1
19238,0
19239,1
19240,1
19241,1
19242,1
19243,1
19244,0
19245,0
19246,1
19247,1
19248,0
19249,0
19250,1
19251,0
19252,0
19253,1
19254,1
19255,1
19256,1
19257,0
19258,0
19259,1
19260,1
19261,1
19262,0
19263,1
19264,0
19265,0
19266,0
19267,1
19268,1
19269,1
19270,1
19271,1
19272,0
19273,0
19274,1
19275,1
19276,1
19277,1
19278,0
19279,1
19280,1
19281,1
19282,1
19283,1
19284,1
19285,0
19286,1
19287,1
19288,1
19289,1
19290,1
19291,0
19292,0
19293,0
19294,0
19295,0
19296,0
19297,1
19298,1
19299,0
19300,1
19301,1
19302,1
19303,1
19304,0
19305,0
19306,1
19307,0
19308,0
19309,1
19310,0
19311,1
19312,1
19313,1
19314,0
19315,0
19316,1
19317,1
19318,1
19319,1
19320,0
19321,0
19322,0
19323,0
19324,1
19325,1
19326,0
19327,0
19328,0
19329,1
19330,1
19331,0
19332,1
19333,1
19334,1
19335,1
19336,0
19337,0
19338,1
19339,0
19340,0
19341,1
19342,0
19343,1
19344,1
19345,1
19346,1
19347,1
19348,0
19349,0
19350,0
19351,0
19352,0
19353,1
19354,0
19355,0
19356,1
19357,1
19358,1
19359,1
19360,0
19361,0
19362,0
19363,0
19364,1
19365,0
19366,0
19367,1
19368,0
19369,0
19370,0
19371,0
19372,0
19373,1
19374,1
19375,0
19376,1
19377,1
19378,1
19379,1
19380,0
19381,0
19382,1
19383,1
19384,0
19385,0
19386,0
19387,0
19388,0
19389,1
19390,0
19391,1
19392,0
19393,0
19394,0
19395,1
19396,1
19397,1
19398,1
19399,1
19400,1
19401,0
19402,0
19403,0
19404,1
19405,1
19406,1
19407,0
19408,1
19409,0
19410,1
19411,1
19412,0
19413,1
19414,1
19415,1
19416,1
19417,0
19418,1
19419,1
19420,1
19421,0
19422,0
19423,1
19424,0
19425,0
19426,1
19427,1
19428,1
19429,1
19430,0
19431,1
19432,1
19433,0
19434,1
19435,1
19436,0
19437,0
19438,1
19439,0
19440,0
19441,1
19442,1
19443,1
19444,0
19445,1
19446,1
19447,1
19448,0
19449,1
19450,0
19451,1
19452,1
19453,0
19454,0
19455,1
19456,1
19457,0
19458,1
19459,1
19460,0
19461,0
19462,1
19463,1
19464,1
19465,1
19466,1
19467,1
19468,1
19469,0
19470,1
19471,1
19472,1
19473,1
19474,0
19475,1
19476,1
19477,0
19478,1
19479,0
19480,1
19481,1
19482,1
19483,1
19484,0
19485,0
19486,1
19487,0
19488,0
19489,1
19490,0
19491,0
19492,0
19493,1
19494,0
19495,1
19496,0
19497,1
19498,0
19499,0
19500,0
19501,0
19502,0
19503,1
19504,1
19505,0
19506,1
19507,0
19508,0
19509,1
19510,0
19511,1
19512,0
19513,0
19514,1
19515,1
19516,1
19517,1
19518,1
19519,1
19520,0
19521,1
19522,0
19523,0
19524,0
19525,1
19526,1
19527,0
19528,1
19529,1
19530,0
19531,1
19532,1
19533,1
19534,0
19535,1
19536,1
19537,1
19538,1
19539,1
19540,1
19541,1
19542,1
19543,0
19544,1
19545,1
19546,1
19547,0
19548,0
19549,1
19550,0
19551,1
19552,1
19553,0
19554,0
19555,0
19556,0
19557,1
19558,0
19559,1
19560,0
19561,0
19562,0
19563,1
19564,1
19565,1
19566,0
19567,1
19568,1
19569,0
19570,1
19571,0
19572,1
19573,1
19574,0
19575,1
19576,1
19577,0
19578,1
19579,1
19580,1
19581,1
19582,1
19583,1
19584,1
19585,1
19586,1
19587,1
19588,1
19589,0
19590,0
19591,1
19592,0
19593,1
19594,1
19595,1
19596,0
19597,1
19598,1
19599,1
19600,0
19601,0
19602,1
19603,0
19604,0
19605,1
19606,0
19607,1
19608,0
19609,0
19610,1
19611,0
19612,1
19613,0
19614,0
19615,0
19616,1
19617,1
19618,1
19619,1
19620,1
19621,1
19622,0
19623,0
19624,0
19625,1
19626,0
19627,1
19628,0
19629,1
19630,0
19631,1
19632,1
19633,0
19634,0
19635,0
19636,0
19637,0
19638,0
19639,0
19640,0
19641,1
19642,0
19643,1
19644,1
19645,1
19646,1
19647,0
19648,1
19649,1
19650,1
19651,1
19652,1
19653,0
19654,0
19655,1
19656,0
19657,0
19658,1
19659,1
19660,0
19661,1
19662,0
19663,1
19664,1
19665,0
19666,1
19667,0
19668,1
19669,1
19670,0
19671,1
19672,0
19673,0
19674,0
19675,0
19676,1
19677,0
19678,1
19679,0
19680,1
19681,1
19682,0
19683,1
19684,1
19685,0
19686,0
19687,1
19688,0
19689,0
19690,0
19691,0
19692,1
19693,1
19694,0
19695,1
19696,1
19697,0
19698,1
19699,0
19700,0
19701,1
19702,1
19703,1
19704,0
19705,0
19706,0
19707,1
19708,0
19709,1
19710,0
19711,0
19712,1
19713,0
19714,1
19715,1
19716,0
19717,1
19718,1
19719,0
19720,0
19721,0
19722,0
19723,1
19724,1
19725,1
19726,1
19727,0
19728,0
19729,0
19730,1
19731,0
19732,0
19733,0
19734,0
19735,0
19736,0
19737,0
19738,0
19739,1
19740,1
19741,0
19742,0
19743,0
19744,0
19745,1
19746,1
19747,1
19748,0
19749,0
19750,1
19751,0
19752,0
19753,1
19754,1
19755,0
19756,1
19757,0
19758,0
19759,0
19760,0
19761,1
19762,1
19763,1
19764,0
19765,0
19766,1
19767,1
19768,1
19769,0
19770,0
19771,1
19772,1
19773,0
19774,1
19775,1
19776,0
19777,1
19778,1
19779,1
19780,0
19781,1
19782,1
19783,1
19784,1
19785,0
19786,1
19787,1
19788,1
19789,1
19790,1
19791,1
19792,0
19793,1
19794,1
19795,0
19796,1
19797,1
19798,1
19799,0
19800,0
19801,0
19802,0
19803,0
19804,1
19805,1
19806,0
19807,1
19808,1
19809,1
19810,0
19811,1
19812,0
19813,1
19814,1
19815,1
19816,1
19817,1
19818,1
19819,1
19820,1
19821,1
19822,0
19823,0
19824,1
19825,1
19826,1
19827,0
19828,0
19829,0
19830,0
19831,0
19832,1
19833,1
19834,0
19835,1
19836,0
19837,1
19838,1
19839,0
19840,1
19841,1
19842,0
19843,1
19844,0
19845,1
19846,1
19847,0
19848,0
19849,0
19850,1
19851,1
19852,1
19853,1
19854,1
19855,0
19856,0
19857,0
19858,1
19859,1
19860,0
19861,0
19862,0
19863,1
19864,0
19865,0
19866,1
19867,1
19868,0
19869,1
19870,1
19871,1
19872,1
19873,1
19874,0
19875,0
19876,0
19877,1
19878,0
19879,1
19880,1
19881,1
19882,1
19883,0
19884,0
19885,1
19886,1
19887,1
19888,0
19889,0
19890,0
19891,1
19892,1
19893,1
19894,0
19895,1
19896,1
19897,1
19898,1
19899,0
19900,1
19901,1
19902,0
19903,1
19904,1
19905,1
19906,0
19907,1
19908,0
19909,1
19910,1
19911,1
19912,1
19913,0
19914,1
19915,1
19916,1
19917,0
19918,1
19919,0
19920,1
19921,1
19922,0
19923,1
19924,0
19925,0
19926,0
19927,1
19928,0
19929,1
19930,0
19931,0
19932,1
19933,1
19934,1
19935,1
19936,1
19937,1
19938,0
19939,0
19940,1
19941,1
19942,1
19943,1
19944,0
19945,1
19946,1
19947,1
19948,0
19949,1
19950,0
19951,1
19952,1
19953,0
19954,1
19955,1
19956,0
19957,1
19958,1
19959,0
19960,1
19961,1
19962,1
19963,0
19964,1
19965,0
19966,0
19967,0
19968,1
19969,0
19970,0
19971,1
19972,0
19973,0
19974,1
19975,1
19976,1
19977,1
19978,1
19979,0
19980,1
19981,1
19982,1
19983,0
19984,1
19985,1
19986,1
19987,1
19988,1
19989,1
19990,1
19991,1
19992,1
19993,1
19994,1
19995,0
19996,0
19997,1
19998,1
19999,1
